docketId,docketType,objId
FDA-2013-N-0590,Rulemaking,0b000064812ea408
FDA-2017-N-1393,Nonrulemaking,0b000064824f7c47
FDA-2011-F-0171,Rulemaking,0b00006480c0c51c
FDA-2012-N-1210,Rulemaking,0b00006481185d17
FDA-1995-N-0063,Rulemaking,0b0000648056ca61
FDA-2008-N-0334,Rulemaking,0b0000648060ef6d
FDA-2011-F-0172,Rulemaking,0b00006480c0c520
FDA-2008-N-0115,Rulemaking,0b000064803adfa8
FDA-1997-D-0494,Rulemaking,0b000064805d46c6
FDA-2010-N-0568,Rulemaking,0b00006480b7cef8
FDA-1992-S-0039,Rulemaking,0b00006480528808
FDA-2017-D-4359,Nonrulemaking,0b0000648294f446
FDA-2002-N-0031,Rulemaking,0b00006480489512
FDA-2012-N-0920,Rulemaking,0b000064810e617f
FDA-2002-N-0323,Rulemaking,0b000064804a02e5
FDA-2016-N-0543,Rulemaking,0b00006481e66405
FDA-2008-N-0297,Rulemaking,0b000064805b8a78
FDA-2009-N-0025,Rulemaking,0b00006480822f46
FDA-2012-N-0447,Rulemaking,0b00006481005559
FDA-2013-N-0080,Rulemaking,0b000064811d1aa2
FDA-2000-N-0108,Rulemaking,0b000064804c262a
FDA-2009-P-0298,Nonrulemaking,0b000064809e3552
FDA-2014-N-0189,Rulemaking,0b00006481554f10
FDA-1989-P-0124,Nonrulemaking,0b00006480477fee
FDA-2015-D-4848,Nonrulemaking,0b00006481da7ade
FDA-2014-N-1021,Nonrulemaking,0b000064817b4308
FDA-1995-P-0043,Nonrulemaking,0b00006480561305
FDA-2011-N-0146,Rulemaking,0b00006480c02d44
FDA-2010-N-0122,Nonrulemaking,0b00006480ab5330
FDA-2013-P-0735,Nonrulemaking,0b0000648132b350
FDA-2014-P-0748,Nonrulemaking,0b0000648172788c
FDA-1988-N-0019,Rulemaking,0b00006480475d46
FDA-2005-N-0345,Rulemaking,0b00006480449858
FDA-1992-N-0407,Rulemaking,0b00006480532581
FDA-2011-N-0143,Rulemaking,0b00006480c02597
FDA-2008-P-0511,Nonrulemaking,0b0000648070729f
FDA-2011-N-0029,Nonrulemaking,0b00006480bc8e07
FDA-2011-N-0090,Rulemaking,0b00006480bee71e
FDA-2014-D-1182,Rulemaking,0b000064818213f5
FDA-2015-N-2713,Nonrulemaking,0b00006481bab74e
FDA-2014-P-0404,Nonrulemaking,0b0000648169d05f
FDA-2013-N-0500,Rulemaking,0b000064812aba24
FDA-2004-N-0188,Rulemaking,0b000064804702a2
FDA-2003-N-0103,Nonrulemaking,0b000064804841bb
FDA-2007-D-0258,Nonrulemaking,0b0000648042b1c6
FDA-1978-N-1254,Nonrulemaking,0b00006480599448
FDA-1995-P-0355,Nonrulemaking,0b00006480599f57
FDA-2013-D-1622,Nonrulemaking,0b000064814bbbf2
FDA-1995-S-0036,Rulemaking,0b0000648055af86
FDA-2014-N-0411,Nonrulemaking,0b000064816a768c
FDA-2014-N-0006,Nonrulemaking,0b000064814e6cad
FDA-2019-N-0006,Nonrulemaking,0b000064839d2d87
FDA-2006-N-0485,Nonrulemaking,0b00006480463217
FDA-2004-P-0215,Nonrulemaking,0b00006480471136
FDA-1998-N-0155,Rulemaking,0b0000648058b15e
FDA-2005-P-0191,Nonrulemaking,0b00006480440e1f
FDA-2003-N-0105,Nonrulemaking,0b000064804845f9
FDA-2002-D-0010,Nonrulemaking,0b0000648048769a
FDA-2016-P-0541,Nonrulemaking,0b00006481e66015
FDA-2001-D-0163,Nonrulemaking,0b000064804dfd7a
FDA-1996-D-0405,Nonrulemaking,0b00006480507338
FDA-2016-P-0540,Nonrulemaking,0b00006481e65614
FDA-2016-P-1085,Nonrulemaking,0b00006481ede862
FDA-2010-P-0491,Nonrulemaking,0b00006480b50639
FDA-2007-D-0424,Nonrulemaking,0b0000648042daeb
FDA-2003-D-0378,Nonrulemaking,0b0000648049970c
FDA-2009-P-0321,Nonrulemaking,0b000064809edb89
FDA-2003-D-0033,Nonrulemaking,0b00006480481620
FDA-2016-P-1398,Nonrulemaking,0b00006482000eb4
FDA-2021-P-0427,Nonrulemaking,0b00006484acb151
FDA-2019-D-4739,Nonrulemaking,0b0000648406cbd0
FDA-2007-P-0418,Nonrulemaking,0b0000648042da56
FDA-2001-P-0524,Nonrulemaking,0b000064804efc89
FDA-2021-N-0262,Nonrulemaking,0b00006484a5d159
FDA-2001-P-0190,Nonrulemaking,0b000064804e24ce
FDA-2008-N-0423,Nonrulemaking,0b0000648069277a
FDA-2015-D-4361,Nonrulemaking,0b00006481d5ac20
FDA-2017-N-6129,Nonrulemaking,0b00006482bc208b
FDA-2016-N-0586,Nonrulemaking,0b00006481e70343
FDA-2003-N-0041,Nonrulemaking,0b00006480481718
FDA-2016-P-1128,Nonrulemaking,0b00006481f4d0d1
FDA-2000-N-0143,Nonrulemaking,0b000064804d0d92
FDA-2009-N-0582,Rulemaking,0b00006480a634e8
FDA-2008-N-0163,Rulemaking,0b000064803f0b59
FDA-2017-P-6918,Nonrulemaking,0b00006482d3c246
FDA-2017-D-5712,Nonrulemaking,0b00006482b3bff1
FDA-2016-D-1399,Nonrulemaking,0b0000648200124e
FDA-2016-D-1853,Nonrulemaking,0b0000648207b133
FDA-2001-D-0162,Nonrulemaking,0b000064804dfc2a
FDA-2017-N-6395,Nonrulemaking,0b00006482c54427
FDA-1999-N-4096,Nonrulemaking,0b000064804f5f4e
FDA-2018-P-1880,Nonrulemaking,0b000064832653ea
FDA_FRDOC_0001,Rulemaking,0b0000648039ac3c
FDA-2008-N-0176,Rulemaking,0b000064803fc6f8
FDA-2016-D-1164,Nonrulemaking,0b00006481f715b3
FDA-2021-P-0305,Nonrulemaking,0b00006484a71764
FDA-2013-N-0125,Rulemaking,0b000064811e2f1e
FDA-2021-P-0084,Nonrulemaking,0b000064849f8425
FDA-2015-P-1279,Nonrulemaking,0b00006481aac54b
FDA-2021-P-0350,Nonrulemaking,0b00006484a9d1a1
FDA-2021-P-1048,Nonrulemaking,0b00006484db06c1
FDA-2020-P-2237,Nonrulemaking,0b00006484979033
FDA-1999-D-0009,Nonrulemaking,0b000064804a59bf
FDA-2000-N-1088,Nonrulemaking,0b000064804ed6c8
FDA-2008-P-0630,Nonrulemaking,0b000064807d24ff
FDA-2013-N-0779,Nonrulemaking,0b00006481347069
FDA-2002-N-0279,Nonrulemaking,0b0000648049e6b6
FDA-2002-N-0265,Nonrulemaking,0b0000648049c891
FDA-2002-D-0266,Nonrulemaking,0b0000648049caca
FDA-2005-N-0396,Nonrulemaking,0b0000648044cc15
FDA-2001-D-0012,Nonrulemaking,0b000064804b49a3
FDA-1998-N-0050,Nonrulemaking,0b0000648056e7e2
FDA-2020-D-1444,Nonrulemaking,0b000064846bd459
FDA-2000-N-1247,Nonrulemaking,0b000064804efd5a
FDA-1985-D-0012,Nonrulemaking,0b000064805b3a45
FDA-1998-D-0039,Nonrulemaking,0b0000648056e4db
FDA-2009-N-0247,Nonrulemaking,0b000064809b6721
FDA-2009-N-0526,Nonrulemaking,0b00006480a4d465
FDA-2021-P-0882,Nonrulemaking,0b00006484c3d0b1
FDA-2021-P-0884,Nonrulemaking,0b00006484c3d0b5
FDA-2021-P-0883,Nonrulemaking,0b00006484c3d058
FDA-2021-P-0912,Nonrulemaking,0b00006484c6c008
FDA-2021-P-1126,Nonrulemaking,0b00006484dcb2b2
FDA-2019-P-1236,Nonrulemaking,0b00006483ae1128
FDA-2017-P-0428,Nonrulemaking,0b0000648248bf53
FDA-2021-P-0521,Nonrulemaking,0b00006484b47491
FDA-2007-P-0184,Nonrulemaking,0b0000648042a71f
FDA-2021-P-1090,Nonrulemaking,0b00006484dc201b
FDA-2021-P-0927,Nonrulemaking,0b00006484c955d1
FDA-2017-D-3716,Nonrulemaking,0b000064826cde3e
FDA-2015-P-1404,Nonrulemaking,0b00006481ab9d4b
FDA-2021-P-0850,Nonrulemaking,0b00006484c1c00a
FDA-2018-P-3372,Nonrulemaking,0b000064836af03e
FDA-2003-P-0175,Nonrulemaking,0b0000648048971d
FDA-2012-N-0471,Nonrulemaking,0b0000648100a4a9
FDA-2005-N-0281,Nonrulemaking,0b00006480444b3c
FDA-2000-N-0079,Nonrulemaking,0b000064804b7e79
FDA-2001-P-0321,Nonrulemaking,0b000064804e741f
FDA-2000-P-0183,Nonrulemaking,0b000064804d2a11
FDA-1992-D-0021,Nonrulemaking,0b00006480526f8d
FDA-2010-N-0233,Nonrulemaking,0b00006480ae6ace
FDA-2017-N-6475,Nonrulemaking,0b00006482c6ac7f
FDA-2014-P-0497,Nonrulemaking,0b000064816bbe9c
FDA-2005-N-0098,Nonrulemaking,0b0000648043f7e7
FDA-1999-D-0012,Nonrulemaking,0b000064804a5a14
FDA-2008-N-0523,Nonrulemaking,0b00006480720de3
FDA-2021-N-0859,Nonrulemaking,0b00006484c2a715
FDA-2017-N-4952,Nonrulemaking,0b00006482a38edd
FDA-2017-D-2497,Nonrulemaking,0b00006482563cf2
FDA-2012-D-0530,Nonrulemaking,0b0000648101f713
FDA-2019-D-3904,Nonrulemaking,0b00006483e6e8ad
FDA-2017-N-0366,Nonrulemaking,0b000064824826ad
FDA-2017-N-1067,Nonrulemaking,0b000064824ca987
FDA-2016-N-1487,Rulemaking,0b00006482013ea1
FDA-1986-P-0015,Nonrulemaking,0b0000648050da59
FDA-2017-P-3202,Nonrulemaking,0b000064825eb20f
FDA-2007-N-0039,Nonrulemaking,0b000064804295ee
FDA-2018-P-4661,Nonrulemaking,0b0000648395b129
FDA-2021-P-1049,Nonrulemaking,0b00006484db0902
FDA-2018-P-2997,Nonrulemaking,0b0000648359cca5
FDA-2017-P-3201,Nonrulemaking,0b000064825ea934
FDA-2021-P-0909,Nonrulemaking,0b00006484c63964
FDA-2013-P-0280,Nonrulemaking,0b000064812245d2
FDA-2003-N-0207,Nonrulemaking,0b0000648048bb18
FDA-2015-P-1296,Nonrulemaking,0b00006481aae8b5
FDA-2018-D-0787,Nonrulemaking,0b00006482f466f5
FDA-2010-D-0153,Nonrulemaking,0b00006480abe8d9
FDA-2016-N-0566,Nonrulemaking,0b00006481e6a6ea
FDA-2012-N-0194,Nonrulemaking,0b00006480fc5140
FDA-2014-N-1069,Nonrulemaking,0b000064817dc4cb
FDA-2015-N-0797,Rulemaking,0b00006481a42ff7
FDA-2021-P-0272,Nonrulemaking,0b00006484a609e3
FDA-2005-N-0341,Nonrulemaking,0b000064804492fc
FDA-2002-N-0102,Nonrulemaking,0b0000648048ea41
FDA-2010-V-0018,Nonrulemaking,0b00006480a78cca
FDA-2016-D-2730,Nonrulemaking,0b0000648220abd9
FDA-2011-D-0790,Nonrulemaking,0b00006480f6389c
FDA-2013-P-0695,Nonrulemaking,0b00006481318662
FDA-2014-N-1287,Nonrulemaking,0b000064818541a1
FDA-2018-P-1876,Nonrulemaking,0b000064832632e3
FDA-2020-D-1336,Nonrulemaking,0b0000648455686f
FDA-2019-P-5069,Nonrulemaking,0b0000648410b6ba
FDA-2002-N-0311,Nonrulemaking,0b0000648049fa79
FDA-2003-P-0338,Nonrulemaking,0b0000648049634b
FDA-1999-N-0758,Nonrulemaking,0b000064804c5919
FDA-1996-P-0056,Nonrulemaking,0b000064804fd31a
FDA-2008-N-0439,Nonrulemaking,0b000064806a3b05
FDA-2016-N-2648,Nonrulemaking,0b000064821dcf83
FDA-2011-N-0508,Nonrulemaking,0b00006480eb842d
FDA-2015-N-2817,Nonrulemaking,0b00006481bb9847
FDA-2017-P-3330,Nonrulemaking,0b000064826172d5
FDA-2019-N-5799,Nonrulemaking,0b000064841fbaed
FDA-2006-D-0298,Nonrulemaking,0b00006480458dfe
FDA-2003-D-0147,Nonrulemaking,0b00006480486d0f
FDA-2005-D-0339,Nonrulemaking,0b000064804490b6
FDA-2005-P-0315,Nonrulemaking,0b00006480447a9a
FDA-2003-N-0384,Nonrulemaking,0b0000648049a2d4
FDA-2017-P-3196,Nonrulemaking,0b000064825e9473
FDA-2018-P-1966,Nonrulemaking,0b000064832a407c
FDA-2018-P-1980,Nonrulemaking,0b000064832b0269
FDA-2014-P-0861,Nonrulemaking,0b0000648175e8fe
FDA-2017-P-3484,Nonrulemaking,0b0000648268d582
FDA-2010-P-0489,Nonrulemaking,0b00006480b4fba4
FDA-2021-P-1098,Nonrulemaking,0b00006484dc27cc
FDA-2014-N-1027,Nonrulemaking,0b000064817b64f8
FDA-2002-D-0094,Nonrulemaking,0b0000648048e407
FDA-2003-D-0201,Nonrulemaking,0b0000648048b829
FDA-2001-D-0060,Nonrulemaking,0b000064804b806e
FDA-2015-P-1674,Nonrulemaking,0b00006481adbaaf
FDA-2019-P-2074,Nonrulemaking,0b00006483c1c963
FDA-2019-P-4261,Nonrulemaking,0b00006483f449b6
FDA-2016-P-1090,Nonrulemaking,0b00006481ee4791
FDA-2014-D-0261,Nonrulemaking,0b000064815fc31c
FDA-2021-P-1144,Nonrulemaking,0b00006484de2e6c
FDA-2008-P-0059,Nonrulemaking,0b000064803a2614
FDA-2012-D-0080,Nonrulemaking,0b00006480fa37f0
FDA-2018-P-0343,Nonrulemaking,0b00006482e5390c
FDA-2013-N-0345,Nonrulemaking,0b0000648123a2a1
FDA-2015-N-0540,Rulemaking,0b00006481a0b344
FDA-2018-P-3825,Nonrulemaking,0b000064837a98bf
FDA-1998-D-0052,Nonrulemaking,0b0000648056e953
FDA-1992-P-0030,Nonrulemaking,0b000064805281f4
FDA-2008-P-0255,Nonrulemaking,0b0000648052323a
FDA-2009-P-0500,Nonrulemaking,0b00006480a3ec32
FDA-2020-D-1398,Nonrulemaking,0b0000648464142b
FDA-2014-P-0283,Nonrulemaking,0b00006481607d6e
FDA-2003-N-0100,Nonrulemaking,0b00006480483d51
FDA-2004-D-0371,Nonrulemaking,0b000064804736e6
FDA-2003-N-0027,Nonrulemaking,0b0000648048140d
FDA-2005-D-0072,Nonrulemaking,0b0000648043f304
FDA-2012-N-0536,Nonrulemaking,0b00006481021c22
FDA-2020-P-2213,Nonrulemaking,0b00006484967626
FDA-2011-N-0251,Nonrulemaking,0b00006480c1d542
FDA-2011-N-0366,Nonrulemaking,0b00006480cdc620
FDA-2011-D-0357,Nonrulemaking,0b00006480c7a2b9
FDA-2020-N-1500,Nonrulemaking,0b000064846cc01a
FDA-2004-N-0049,Nonrulemaking,0b0000648046e8a3
FDA-2014-P-0831,Nonrulemaking,0b0000648175756d
FDA-2018-P-3325,Nonrulemaking,0b0000648367adbf
FDA-2018-P-1197,Nonrulemaking,0b0000648302b178
FDA-2012-N-1153,Nonrulemaking,0b0000648116eed2
FDA-2020-P-1369,Nonrulemaking,0b000064845b7011
FDA-2021-P-0476,Nonrulemaking,0b00006484b1db33
FDA-2021-P-0924,Nonrulemaking,0b00006484c8db73
FDA-2008-N-0222,Nonrulemaking,0b0000648043e8a2
FDA-2011-N-0015,Nonrulemaking,0b00006480bc3fb2
FDA-2016-P-2467,Nonrulemaking,0b000064821616cd
FDA-2020-D-1378,Nonrulemaking,0b000064845e69dc
FDA-2019-P-3266,Nonrulemaking,0b00006483d66c2c
FDA-2021-P-0301,Nonrulemaking,0b00006484a6fae4
FDA-2018-N-1558,Nonrulemaking,0b00006483170b5a
FDA-2011-D-0215,Nonrulemaking,0b00006480c12dad
FDA-2018-P-0876,Nonrulemaking,0b00006482f64342
FDA-2017-N-6529,Nonrulemaking,0b00006482c8044e
FDA-2020-D-1937,Nonrulemaking,0b000064848642a8
FDA-2020-D-1930,Nonrulemaking,0b000064848625e5
FDA-2015-D-1839,Nonrulemaking,0b00006481af5a3d
FDA-2017-P-4409,Nonrulemaking,0b00006482962d76
FDA-2016-P-0147,Nonrulemaking,0b00006481e09ac5
FDA-2021-P-0497,Nonrulemaking,0b00006484b33e56
FDA-2006-P-0150,Nonrulemaking,0b00006480450509
FDA-2010-P-0045,Nonrulemaking,0b00006480a80427
FDA-2018-N-2309,Nonrulemaking,0b00006483413510
FDA-2018-D-4267,Nonrulemaking,0b000064838a8e27
FDA-2014-N-1575,Nonrulemaking,0b000064818b8677
FDA-2014-N-0225,Nonrulemaking,0b00006481585a76
FDA-2018-N-4751,Nonrulemaking,0b0000648399034e
FDA-2018-P-2025,Nonrulemaking,0b000064832df958
FDA-2019-P-2869,Nonrulemaking,0b00006483d0d4d5
FDA-2020-D-1353,Nonrulemaking,0b00006484580e91
FDA-2019-P-4448,Nonrulemaking,0b00006483fb9a8b
FDA-2019-P-5191,Nonrulemaking,0b00006484120e7d
FDA-1989-D-0191,Nonrulemaking,0b00006480479282
FDA-2008-P-0380,Nonrulemaking,0b000064806517ed
FDA-2016-P-3823,Nonrulemaking,0b0000648238369a
FDA-2016-P-0618,Nonrulemaking,0b00006481e766ad
FDA-2019-N-6050,Nonrulemaking,0b00006484251117
FDA-2019-D-1163,Nonrulemaking,0b00006483ad531b
FDA-2017-D-5928,Nonrulemaking,0b00006482b7c7b0
FDA-2021-P-0495,Nonrulemaking,0b00006484b2e8e0
FDA-2014-N-1031,Nonrulemaking,0b000064817b7f98
FDA-2017-P-0867,Nonrulemaking,0b000064824b762d
FDA-2003-D-0203,Nonrulemaking,0b0000648048b8a5
FDA-2003-D-0367,Nonrulemaking,0b00006480498708
FDA-2003-D-0376,Nonrulemaking,0b0000648049943c
FDA-2004-N-0058,Nonrulemaking,0b0000648046eb2a
FDA-2004-D-0124,Nonrulemaking,0b0000648046fc0b
FDA-2006-D-0232,Nonrulemaking,0b00006480456430
FDA-2001-N-0017,Nonrulemaking,0b000064804b4f7a
FDA-2008-D-0417,Nonrulemaking,0b0000648068d828
FDA-2010-N-0506,Nonrulemaking,0b00006480b571e2
FDA-2010-P-0322,Nonrulemaking,0b00006480b0730a
FDA-2021-P-1099,Nonrulemaking,0b00006484dc2873
FDA-2018-P-3770,Nonrulemaking,0b000064837927c3
FDA-2018-P-3545,Nonrulemaking,0b000064837228c8
FDA-2016-P-0542,Nonrulemaking,0b00006481e65c9b
FDA-2020-P-1236,Nonrulemaking,0b0000648447b443
FDA-2018-P-2962,Nonrulemaking,0b00006483583321
FDA-2016-P-0656,Nonrulemaking,0b00006481e8066f
FDA-2021-P-0950,Nonrulemaking,0b00006484cac6f4
FDA-2018-P-0599,Nonrulemaking,0b00006482ef88de
FDA-2013-P-1378,Nonrulemaking,0b00006481466e07
FDA-2021-P-0191,Nonrulemaking,0b00006484a386d3
FDA-2021-P-0949,Nonrulemaking,0b00006484cac008
FDA-2021-P-1044,Nonrulemaking,0b00006484dab7c7
FDA-2021-P-1178,Nonrulemaking,0b00006484dfd5ef
FDA-2020-P-0947,Nonrulemaking,0b000064843b6669
FDA-2019-P-3903,Nonrulemaking,0b00006483e6d3ae
FDA-2021-P-0700,Nonrulemaking,0b00006484be14d0
FDA-2021-P-0436,Nonrulemaking,0b00006484ad4276
FDA-2016-P-1171,Nonrulemaking,0b00006481f7b384
FDA-2014-P-1256,Nonrulemaking,0b00006481849083
FDA-2015-P-1903,Nonrulemaking,0b00006481b0a08f
FDA-2015-P-3139,Nonrulemaking,0b00006481c3bc24
FDA-2018-P-2506,Nonrulemaking,0b0000648346c47a
FDA-2018-P-3139,Nonrulemaking,0b0000648360370a
FDA-2020-D-1434,Nonrulemaking,0b000064846b4e47
FDA-2018-P-0884,Nonrulemaking,0b00006482f67768
FDA-2020-P-2225,Nonrulemaking,0b00006484973f85
FDA-2018-P-3354,Nonrulemaking,0b000064836a7901
FDA-2021-P-0510,Nonrulemaking,0b00006484b3874f
FDA-2002-P-0245,Nonrulemaking,0b0000648049a91a
FDA-1993-P-0060,Nonrulemaking,0b000064804fc79f
FDA-2010-N-0218,Nonrulemaking,0b00006480adc19f
FDA-2011-P-0768,Nonrulemaking,0b00006480f5a12c
FDA-2018-P-1448,Nonrulemaking,0b000064830e3723
FDA-2018-P-2362,Nonrulemaking,0b0000648342d42c
FDA-2013-N-0519,Nonrulemaking,0b000064812b211c
FDA-2014-P-0862,Nonrulemaking,0b0000648175edfd
FDA-2012-N-0911,Nonrulemaking,0b000064810e26bd
FDA-2014-P-0856,Nonrulemaking,0b0000648175e536
FDA-2013-P-0335,Nonrulemaking,0b00006481237e18
FDA-2015-D-0198,Rulemaking,0b000064819d524b
FDA-2016-N-1678,Nonrulemaking,0b0000648204b42f
FDA-2020-P-2096,Nonrulemaking,0b00006484919111
FDA-2021-P-0761,Nonrulemaking,0b00006484bfd656
FDA-2005-P-0136,Nonrulemaking,0b0000648043fe37
FDA-2007-D-0076,Nonrulemaking,0b0000648042989a
FDA-2006-D-0233,Nonrulemaking,0b000064804564e7
FDA-2021-P-1180,Nonrulemaking,0b00006484e01951
FDA-2012-P-1160,Nonrulemaking,0b00006481171d5b
FDA-2018-P-0878,Nonrulemaking,0b00006482f64dbe
FDA-2015-P-0613,Nonrulemaking,0b00006481a188ef
FDA-2015-P-2142,Nonrulemaking,0b00006481b2d613
FDA-2016-P-1314,Nonrulemaking,0b00006481fe7f61
FDA-2021-N-0175,Nonrulemaking,0b00006484a2107e
FDA-2021-P-0509,Nonrulemaking,0b00006484b36037
FDA-2021-P-0928,Nonrulemaking,0b00006484c967fb
FDA-2020-P-0158,Nonrulemaking,0b00006484285aa6
FDA-2016-P-0713,Nonrulemaking,0b00006481e88c30
FDA-2014-P-0825,Nonrulemaking,0b00006481753e8f
FDA-2020-P-1247,Nonrulemaking,0b00006484485c64
FDA-2018-D-1378,Nonrulemaking,0b0000648309095d
FDA-2020-D-1379,Nonrulemaking,0b000064845e69e1
FDA-2018-P-1593,Nonrulemaking,0b000064831ab2ea
FDA-2018-P-3222,Nonrulemaking,0b000064836380e1
FDA-2020-P-0745,Nonrulemaking,0b00006484352e4a
FDA-2017-P-5027,Nonrulemaking,0b00006482a51b32
FDA-2019-P-0622,Nonrulemaking,0b00006483a51f15
FDA-2020-P-2193,Nonrulemaking,0b000064849609ee
FDA-2009-P-0038,Nonrulemaking,0b0000648083e4d9
FDA-2021-P-0374,Nonrulemaking,0b00006484aa3264
FDA-2019-P-3800,Nonrulemaking,0b00006483e2e8c1
FDA-2019-N-3768,Nonrulemaking,0b00006483e214b0
FDA-2017-P-5396,Nonrulemaking,0b00006482afdff4
FDA-2013-N-0294,Nonrulemaking,0b0000648122b688
FDA-2014-P-0687,Nonrulemaking,0b0000648170ce94
FDA-2017-N-5925,Nonrulemaking,0b00006482b7c714
FDA-2020-P-0945,Nonrulemaking,0b000064843b5ec7
FDA-2021-P-0157,Nonrulemaking,0b00006484a1cb2f
FDA-2006-P-0143,Nonrulemaking,0b0000648045043e
FDA-2004-D-0499,Nonrulemaking,0b00006480476700
FDA-2010-P-0223,Nonrulemaking,0b00006480ade1ce
FDA-2021-P-1045,Nonrulemaking,0b00006484dab7cb
FDA-2021-N-0929,Nonrulemaking,0b00006484c96e40
FDA-2017-P-5335,Nonrulemaking,0b00006482af5715
FDA-2017-P-6101,Nonrulemaking,0b00006482bb84e9
FDA-2016-P-2558,Nonrulemaking,0b000064821a4ed2
FDA-2017-P-6649,Nonrulemaking,0b00006482cbb7bc
FDA-2011-N-0439,Nonrulemaking,0b00006480e39b16
FDA-2014-N-1697,Rulemaking,0b000064818f94dc
FDA-2014-P-2140,Nonrulemaking,0b0000648196628f
FDA-2020-P-2005,Nonrulemaking,0b00006484873796
FDA-2020-P-1423,Nonrulemaking,0b000064846ace0d
FDA-2003-N-0448,Nonrulemaking,0b000064804a254a
FDA-2003-D-0305,Nonrulemaking,0b000064804942e2
FDA-2006-P-0206,Nonrulemaking,0b000064804513fe
FDA-2001-N-0348,Nonrulemaking,0b000064804e77f9
FDA-2021-P-0338,Nonrulemaking,0b00006484a87a64
FDA-2011-N-0134,Nonrulemaking,0b00006480c01f0e
FDA-2011-N-0607,Nonrulemaking,0b00006480ee4ec4
FDA-2017-P-1252,Nonrulemaking,0b000064824e16ab
FDA-2014-N-1698,Nonrulemaking,0b000064818f94e0
FDA-2014-P-0814,Nonrulemaking,0b000064817528f4
FDA-2015-P-1094,Nonrulemaking,0b00006481a8b237
FDA-2020-P-1831,Nonrulemaking,0b000064848333c0
FDA-2021-P-0653,Nonrulemaking,0b00006484bc98d7
FDA-2021-P-0677,Nonrulemaking,0b00006484bd7266
FDA-2018-P-4591,Nonrulemaking,0b0000648391cd1d
FDA-2004-D-0286,Nonrulemaking,0b00006480472818
FDA-2008-P-0049,Nonrulemaking,0b000064803a0f58
FDA-2015-P-0059,Nonrulemaking,0b000064819a9702
FDA-2014-P-2035,Nonrulemaking,0b000064819455e9
FDA-2021-P-1181,Nonrulemaking,0b00006484e03f34
FDA-2016-P-0974,Nonrulemaking,0b00006481ec903a
FDA-2017-P-3832,Nonrulemaking,0b000064826ef91b
FDA-2021-P-1141,Nonrulemaking,0b00006484dd11de
FDA-2019-P-3265,Nonrulemaking,0b00006483d66e75
FDA-2016-P-1674,Nonrulemaking,0b000064820481b9
FDA-2016-P-3070,Nonrulemaking,0b000064822857f7
FDA-2016-D-1280,Nonrulemaking,0b00006481fd2f23
FDA-2021-P-1040,Nonrulemaking,0b00006484da68bb
FDA-2016-P-2533,Nonrulemaking,0b0000648219df88
FDA-2011-D-0579,Nonrulemaking,0b00006480ed5492
FDA-2014-P-0724,Nonrulemaking,0b0000648171f344
FDA-2014-P-1883,Nonrulemaking,0b0000648192296c
FDA-2014-P-0878,Nonrulemaking,0b000064817647b0
FDA-2016-D-2841,Nonrulemaking,0b000064822374d9
FDA-2017-N-0086,Nonrulemaking,0b0000648244d089
FDA-2017-P-2131,Nonrulemaking,0b0000648253d46b
FDA-2019-P-3855,Nonrulemaking,0b00006483e513e6
FDA-2019-P-5440,Nonrulemaking,0b00006484174b30
FDA-2019-D-1997,Nonrulemaking,0b00006483becc30
FDA-1998-P-0257,Nonrulemaking,0b00006480594afd
FDA-2021-P-0337,Nonrulemaking,0b00006484a86a13
FDA-2018-P-3076,Nonrulemaking,0b000064835d80dc
FDA-2011-D-0721,Nonrulemaking,0b00006480f4ab68
FDA-2017-P-4145,Nonrulemaking,0b0000648290df1e
FDA-2012-D-0140,Nonrulemaking,0b00006480fb25df
FDA-2015-A-4705,Nonrulemaking,0b00006481d939a6
FDA-2013-D-1600,Nonrulemaking,0b000064814b6f91
FDA-2013-D-0295,Nonrulemaking,0b0000648122b68c
FDA-2019-P-2239,Nonrulemaking,0b00006483c45034
FDA-2017-P-1298,Nonrulemaking,0b000064824e69df
FDA-2016-P-4388,Nonrulemaking,0b0000648240ba0d
FDA-2020-P-2312,Nonrulemaking,0b000064849a8162
FDA-2018-P-0673,Nonrulemaking,0b00006482f1b17c
FDA-2021-P-0714,Nonrulemaking,0b00006484be88b9
FDA-2020-P-0763,Nonrulemaking,0b0000648435c145
FDA-2021-P-0389,Nonrulemaking,0b00006484aa75db
FDA-2005-P-0198,Nonrulemaking,0b000064804410bb
FDA-2008-D-0253,Nonrulemaking,0b00006480522fed
FDA-2018-P-0625,Nonrulemaking,0b00006482f01dc0
FDA-2019-P-3886,Nonrulemaking,0b00006483e63f8d
FDA-2013-P-0425,Nonrulemaking,0b0000648129098f
FDA-2019-P-0726,Nonrulemaking,0b00006483a73502
FDA-2018-P-0339,Nonrulemaking,0b00006482e4df7a
FDA-2013-N-0745,Nonrulemaking,0b00006481334b5e
FDA-2015-P-0578,Nonrulemaking,0b00006481a12690
FDA-2017-N-6313,Nonrulemaking,0b00006482c28a88
FDA-2017-P-2230,Nonrulemaking,0b00006482547d86
FDA-2014-P-0830,Nonrulemaking,0b00006481756243
FDA-2018-P-3355,Nonrulemaking,0b000064836a81f1
FDA-2020-P-2067,Nonrulemaking,0b000064848f7e14
FDA-2020-P-1582,Nonrulemaking,0b000064846f63dc
FDA-2018-P-0870,Nonrulemaking,0b00006482f63871
FDA-2019-N-3453,Nonrulemaking,0b00006483d9c89d
FDA-2019-P-1640,Nonrulemaking,0b00006483b69b46
FDA-2020-P-2313,Nonrulemaking,0b000064849a8166
FDA-2021-P-0438,Nonrulemaking,0b00006484ad5496
FDA-2020-P-2322,Nonrulemaking,0b000064849bb906
FDA-2003-D-0198,Nonrulemaking,0b0000648048b7b6
FDA-2005-N-0351,Nonrulemaking,0b0000648044a036
FDA-2003-N-0039,Nonrulemaking,0b000064804816f0
FDA-2004-D-0120,Nonrulemaking,0b0000648046fb6c
FDA-2010-N-0445,Nonrulemaking,0b00006480b35761
FDA-2020-D-1380,Nonrulemaking,0b000064845e69e5
FDA-2020-P-2132,Nonrulemaking,0b0000648493201d
FDA-2017-P-0663,Nonrulemaking,0b000064824a4bfa
FDA-2017-P-1104,Nonrulemaking,0b000064824d1b9e
FDA-2014-P-0594,Nonrulemaking,0b000064816e24e2
FDA-2014-P-1615,Nonrulemaking,0b000064818bf4cf
FDA-2017-P-2043,Nonrulemaking,0b000064825378aa
FDA-2016-P-2781,Nonrulemaking,0b000064822141a4
FDA-2016-P-1180,Nonrulemaking,0b00006481f8494c
FDA-2019-P-1678,Nonrulemaking,0b00006483b720f3
FDA-2016-N-4232,Nonrulemaking,0b000064823e4f9f
FDA-2017-P-2836,Nonrulemaking,0b0000648259261a
FDA-2015-P-0711,Nonrulemaking,0b00006481a2e0c0
FDA-2019-P-4101,Nonrulemaking,0b00006483ee2e5e
FDA-2010-P-0641,Nonrulemaking,0b00006480bb7fe9
FDA-2017-P-1911,Nonrulemaking,0b0000648252be22
FDA-2020-D-1445,Nonrulemaking,0b000064846bd45d
FDA-2018-P-0597,Nonrulemaking,0b00006482ef8cdb
FDA-2020-P-2234,Nonrulemaking,0b00006484976b94
FDA-2016-P-1251,Nonrulemaking,0b00006481fc003f
FDA-2004-N-0054,Nonrulemaking,0b0000648046e8ee
FDA-2003-D-0373,Nonrulemaking,0b00006480499061
FDA-2004-N-0310,Nonrulemaking,0b00006480472ef0
FDA-2009-N-0284,Nonrulemaking,0b000064809d39ef
FDA-2018-N-4131,Nonrulemaking,0b0000648386c706
FDA-2016-P-1026,Nonrulemaking,0b00006481ed453f
FDA-2018-P-0598,Nonrulemaking,0b00006482ef8cdf
FDA-2018-P-1441,Nonrulemaking,0b000064830e0310
FDA-2014-P-0112,Nonrulemaking,0b0000648151cc90
FDA-2017-N-0455,Nonrulemaking,0b0000648248e0ad
FDA-2020-P-1728,Nonrulemaking,0b000064847d0433
FDA-2017-D-5739,Nonrulemaking,0b00006482b3f2b9
FDA-2019-D-3679,Nonrulemaking,0b00006483df60a2
FDA-2017-P-6968,Nonrulemaking,0b00006482d58c14
FDA-2016-P-1852,Nonrulemaking,0b00006482079c5a
FDA-2019-P-3109,Nonrulemaking,0b00006483d45939
FDA-2019-N-1468,Nonrulemaking,0b00006483b3524f
FDA-2019-P-2407,Nonrulemaking,0b00006483c905f3
FDA-2014-N-1072,Nonrulemaking,0b000064817dddd9
FDA-2020-N-2030,Nonrulemaking,0b000064848abeaa
FDA-2021-N-0431,Nonrulemaking,0b00006484acb889
FDA-2018-P-0945,Nonrulemaking,0b00006482f7cc34
FDA-2008-N-0077,Nonrulemaking,0b000064803a682f
FDA-2006-P-0518,Nonrulemaking,0b00006480463a48
FDA-2021-P-0529,Nonrulemaking,0b00006484b4e22a
FDA-2019-D-1263,Nonrulemaking,0b00006483aebe84
FDA-2021-P-1114,Nonrulemaking,0b00006484dc59ff
FDA-2016-P-2532,Nonrulemaking,0b0000648219da48
FDA-2014-P-0823,Nonrulemaking,0b000064817532f7
FDA-2015-P-0633,Nonrulemaking,0b00006481a1e517
FDA-2018-N-0529,Nonrulemaking,0b00006482ebd3b3
FDA-2018-P-3806,Nonrulemaking,0b0000648379e22a
FDA-2021-P-0124,Nonrulemaking,0b00006484a0803b
FDA-2021-P-0137,Nonrulemaking,0b00006484a140fa
FDA-2018-P-4769,Nonrulemaking,0b00006483996363
FDA-2017-P-4335,Nonrulemaking,0b00006482940c72
FDA-2005-P-0434,Nonrulemaking,0b000064804503e4
FDA-2003-P-0127,Nonrulemaking,0b0000648048622f
FDA-2004-D-0118,Nonrulemaking,0b0000648046faf7
FDA-2005-N-0401,Nonrulemaking,0b0000648044d1dd
FDA-2006-D-0229,Nonrulemaking,0b000064804562dd
FDA-2010-P-0396,Nonrulemaking,0b00006480b21499
FDA-2017-P-5080,Nonrulemaking,0b00006482a8caf4
FDA-2012-P-0317,Nonrulemaking,0b00006480fe6d91
FDA-2020-P-1181,Nonrulemaking,0b00006484463f23
FDA-2019-P-3803,Nonrulemaking,0b00006483e34496
FDA-2020-P-2357,Nonrulemaking,0b000064849cdaa9
FDA-2015-P-3991,Nonrulemaking,0b00006481cfb06e
FDA-2017-P-1251,Nonrulemaking,0b000064824e1388
FDA-2016-P-0214,Nonrulemaking,0b00006481e19e50
FDA-2021-P-0378,Nonrulemaking,0b00006484aa4028
FDA-2021-P-1102,Nonrulemaking,0b00006484dc3b32
FDA-2015-P-3391,Nonrulemaking,0b00006481c7a84d
FDA-2019-P-1364,Nonrulemaking,0b00006483b12519
FDA-2017-P-2044,Nonrulemaking,0b000064825378ae
FDA-2017-P-2128,Nonrulemaking,0b0000648253cebc
FDA-2018-P-0098,Nonrulemaking,0b00006482db2db4
FDA-2011-N-0608,Nonrulemaking,0b00006480ee55cb
FDA-2018-P-1740,Nonrulemaking,0b00006483228420
FDA-2015-A-5109,Nonrulemaking,0b00006481ddf78b
FDA-2015-D-4380,Nonrulemaking,0b00006481d5bedd
FDA-2014-P-0534,Nonrulemaking,0b000064816cfdb2
FDA-2020-P-0983,Nonrulemaking,0b000064843c5a42
FDA-2018-D-1752,Nonrulemaking,0b0000648322b3f3
FDA-2018-P-3672,Nonrulemaking,0b0000648377d322
FDA-2017-P-5787,Nonrulemaking,0b00006482b4a9b5
FDA-2019-N-5646,Nonrulemaking,0b000064841d6789
FDA-2020-P-1238,Nonrulemaking,0b0000648447ae7d
FDA-2021-P-0074,Nonrulemaking,0b000064849f2ad7
FDA-2018-P-4306,Nonrulemaking,0b000064838bd522
FDA-2006-N-0308,Nonrulemaking,0b0000648045c63f
FDA-2009-N-0251,Nonrulemaking,0b000064809bbda0
FDA-2009-P-0663,Nonrulemaking,0b0000648080b301
FDA-2021-P-0344,Nonrulemaking,0b00006484a92099
FDA-2018-N-3037,Nonrulemaking,0b000064835c47e1
FDA-2021-P-1085,Nonrulemaking,0b00006484dbea59
FDA-2020-P-1003,Nonrulemaking,0b000064843c8ea1
FDA-2016-P-2478,Nonrulemaking,0b00006482168cbe
FDA-2017-P-2162,Nonrulemaking,0b0000648253eeb2
FDA-2011-N-0529,Nonrulemaking,0b00006480ec26b7
FDA-2014-P-0654,Nonrulemaking,0b000064817058c4
FDA-2015-P-0989,Nonrulemaking,0b00006481a6d025
FDA-2016-D-1159,Nonrulemaking,0b00006481f6d598
FDA-2019-P-1818,Nonrulemaking,0b00006483bacc91
FDA-2017-P-6027,Nonrulemaking,0b00006482b9c135
FDA-2018-D-2074,Nonrulemaking,0b000064833123e8
FDA-2020-P-1871,Nonrulemaking,0b00006484852d26
FDA-2017-P-6479,Nonrulemaking,0b00006482c6bc44
FDA-2020-P-2008,Nonrulemaking,0b00006484876486
FDA-2020-P-0734,Nonrulemaking,0b00006484350d41
FDA-2018-P-1013,Nonrulemaking,0b00006482fa2c3e
FDA-2003-D-0242,Nonrulemaking,0b0000648048e994
FDA-2005-D-0158,Nonrulemaking,0b000064804402df
FDA-2005-G-0193,Nonrulemaking,0b00006480440e67
FDA-2007-P-0017,Nonrulemaking,0b00006480429391
FDA-2010-N-0308,Nonrulemaking,0b00006480b0252a
FDA-2010-P-0545,Nonrulemaking,0b00006480b7197c
FDA-2020-P-0624,Nonrulemaking,0b0000648432babd
FDA-2019-P-3347,Nonrulemaking,0b00006483d7d7df
FDA-2010-P-0613,Nonrulemaking,0b00006480baa377
FDA-2006-D-0031,Nonrulemaking,0b000064804420a9
FDA-2016-P-4047,Nonrulemaking,0b000064823bbcdb
FDA-2016-P-3465,Nonrulemaking,0b000064823246a1
FDA-2018-P-1185,Nonrulemaking,0b00006483027003
FDA-2014-D-1318,Rulemaking,0b0000648185d0fb
FDA-2013-P-0148,Nonrulemaking,0b000064811ed701
FDA-2014-P-1611,Nonrulemaking,0b000064818bf529
FDA-2017-P-3251,Nonrulemaking,0b00006482600f88
FDA-2018-P-3861,Nonrulemaking,0b000064837c0b88
FDA-2018-P-4590,Nonrulemaking,0b0000648391cd19
FDA-2019-P-3311,Nonrulemaking,0b00006483d74e8f
FDA-2020-D-1407,Nonrulemaking,0b0000648464fad6
FDA-2015-P-0596,Nonrulemaking,0b00006481a17018
FDA-2018-P-2073,Nonrulemaking,0b00006483311628
FDA-2021-P-0036,Nonrulemaking,0b000064849ea067
FDA-2021-P-0125,Nonrulemaking,0b00006484a081f5
FDA-2018-P-3599,Nonrulemaking,0b00006483759a6b
FDA-2003-D-0091,Nonrulemaking,0b0000648048331a
FDA-2004-D-0373,Nonrulemaking,0b0000648047371a
FDA-2006-P-0149,Nonrulemaking,0b000064804504ed
FDA-2005-D-0340,Nonrulemaking,0b000064804491e8
FDA-2003-N-0155,Nonrulemaking,0b00006480487693
FDA-2004-D-0368,Nonrulemaking,0b000064804736c1
FDA-2009-P-0364,Nonrulemaking,0b000064809fee56
FDA-2021-P-0460,Nonrulemaking,0b00006484b07e79
FDA-2015-P-5081,Nonrulemaking,0b00006481dd96e1
FDA-2020-P-2299,Nonrulemaking,0b0000648499d606
FDA-2021-P-0786,Nonrulemaking,0b00006484c0ab25
FDA-2020-P-1478,Nonrulemaking,0b000064846c85a1
FDA-1995-N-0259,Rulemaking,0b00006480571c9d
FDA-2010-D-0189,Rulemaking,0b00006480ad347d
FDA-2010-N-0136,Rulemaking,0b00006480abb5ec
FDA-2016-P-4093,Nonrulemaking,0b000064823c2b85
FDA-2017-P-5921,Nonrulemaking,0b00006482b7bcd1
FDA-2016-P-3112,Nonrulemaking,0b0000648228f06e
FDA-2019-P-3937,Nonrulemaking,0b00006483e7d1f2
FDA-2017-P-0137,Nonrulemaking,0b00006482454b87
FDA-2016-P-1319,Nonrulemaking,0b00006481fe87f0
FDA-2018-P-3742,Nonrulemaking,0b0000648378c2ef
FDA-2012-D-1240,Nonrulemaking,0b0000648119214b
FDA-2019-P-1318,Nonrulemaking,0b00006483b01be1
FDA-2014-P-1622,Nonrulemaking,0b000064818c2186
FDA-2015-P-2149,Nonrulemaking,0b00006481b3073b
FDA-2017-P-2365,Nonrulemaking,0b0000648255673f
FDA-2020-P-2010,Nonrulemaking,0b000064848768e8
FDA-2020-P-1305,Nonrulemaking,0b000064844c921e
FDA-2016-P-2674,Nonrulemaking,0b000064821e9198
FDA-2004-D-0306,Nonrulemaking,0b00006480472e90
FDA-2007-N-0381,Nonrulemaking,0b0000648042d6f3
FDA-2019-D-5573,Nonrulemaking,0b000064841ae6f5
FDA-2016-P-3195,Nonrulemaking,0b000064822a1ebe
FDA-2018-N-4087,Nonrulemaking,0b0000648385a62f
FDA-2011-P-0575,Nonrulemaking,0b00006480ed3933
FDA-2011-P-0086,Nonrulemaking,0b00006480becb47
FDA-2016-P-3696,Nonrulemaking,0b0000648236e06a
FDA-2017-P-6451,Nonrulemaking,0b00006482c60c4a
FDA-2019-P-0114,Nonrulemaking,0b000064839e39bc
FDA-2014-P-1281,Nonrulemaking,0b00006481850f69
FDA-2011-P-0823,Nonrulemaking,0b00006480f6cc0d
FDA-2016-N-4342,Nonrulemaking,0b000064824018bd
FDA-2018-P-1040,Nonrulemaking,0b00006482fba2bf
FDA-2018-P-3786,Nonrulemaking,0b000064837956c7
FDA-2017-P-6108,Nonrulemaking,0b00006482bbbbef
FDA-2020-P-2181,Nonrulemaking,0b00006484959275
FDA-2018-D-4711,Nonrulemaking,0b000064839853d7
FDA-2019-P-3907,Nonrulemaking,0b00006483e6e8b1
FDA-2017-P-0052,Nonrulemaking,0b0000648244a205
FDA-2021-P-0284,Nonrulemaking,0b00006484a676ff
FDA-2010-N-0180,Nonrulemaking,0b00006480ace0c2
FDA-2020-P-0725,Nonrulemaking,0b00006484350067
FDA-2017-P-4351,Nonrulemaking,0b0000648294beae
FDA-2013-P-0337,Nonrulemaking,0b00006481237fa0
FDA-2016-P-1364,Nonrulemaking,0b00006481ff452b
FDA-2017-P-5909,Nonrulemaking,0b00006482b768a1
FDA-2017-P-2129,Nonrulemaking,0b0000648253d04f
FDA-2010-P-0580,Nonrulemaking,0b00006480b87957
FDA-2011-D-0674,Nonrulemaking,0b00006480f1c2d5
FDA-2011-P-0623,Nonrulemaking,0b00006480ef84e1
FDA-2014-P-0407,Nonrulemaking,0b000064816a38b0
FDA-2014-P-0461,Nonrulemaking,0b000064816b73ec
FDA-2014-P-0462,Nonrulemaking,0b000064816b6e5b
FDA-2014-P-0648,Nonrulemaking,0b00006481703465
FDA-2015-P-4307,Nonrulemaking,0b00006481d4f126
FDA-2019-N-3403,Nonrulemaking,0b00006483d94502
FDA-2020-D-1057,Nonrulemaking,0b0000648440b451
FDA-2019-P-2370,Nonrulemaking,0b00006483c82390
FDA-2017-P-3581,Nonrulemaking,0b000064826a538f
FDA-2019-P-2945,Nonrulemaking,0b00006483d20e6d
FDA-2019-P-2853,Nonrulemaking,0b00006483d0b93c
FDA-2017-P-6219,Nonrulemaking,0b00006482be94d9
FDA-2019-P-4140,Nonrulemaking,0b00006483eefcf4
FDA-2016-P-2568,Nonrulemaking,0b000064821b9d4f
FDA-2020-P-1864,Nonrulemaking,0b0000648484c7e8
FDA-2003-D-0375,Nonrulemaking,0b000064804992af
FDA-2004-P-0409,Nonrulemaking,0b00006480474580
FDA-2003-N-0249,Nonrulemaking,0b0000648048f379
FDA-2008-N-0286,Nonrulemaking,0b0000648054fd23
FDA-2010-N-0295,Nonrulemaking,0b00006480b0039b
FDA-2021-P-0558,Nonrulemaking,0b00006484b7f838
FDA-2016-P-2863,Nonrulemaking,0b0000648224303d
FDA-2020-P-0284,Nonrulemaking,0b000064842b137d
FDA-2021-P-1100,Nonrulemaking,0b00006484dc2877
FDA-2019-P-5441,Nonrulemaking,0b00006484174b34
FDA-2019-P-0777,Nonrulemaking,0b00006483a7e507
FDA-2016-P-3312,Nonrulemaking,0b000064822ef8e5
FDA-2015-P-4564,Nonrulemaking,0b00006481d818f4
FDA-2019-P-0913,Nonrulemaking,0b00006483aa499d
FDA-2018-P-2408,Nonrulemaking,0b00006483439e01
FDA-2012-P-0119,Nonrulemaking,0b00006480fad65a
FDA-2012-N-1131,Nonrulemaking,0b00006481166dd3
FDA-2014-P-0446,Nonrulemaking,0b000064816b1e56
FDA-2017-P-6751,Nonrulemaking,0b00006482ce543e
FDA-2016-D-1270,Nonrulemaking,0b00006481fcc20e
FDA-2018-P-1283,Nonrulemaking,0b00006483055066
FDA-2017-P-1463,Nonrulemaking,0b000064824fc805
FDA-2018-P-2862,Nonrulemaking,0b00006483548686
FDA-2019-P-5800,Nonrulemaking,0b000064841fc2fe
FDA-2020-P-1562,Nonrulemaking,0b000064846ef808
FDA-2015-P-2375,Nonrulemaking,0b00006481b6e082
FDA-2020-P-2301,Nonrulemaking,0b000064849a1ef3
FDA-2019-P-5759,Nonrulemaking,0b000064841ed4d9
FDA-2021-P-0508,Nonrulemaking,0b00006484b36033
FDA-2007-N-0272,Nonrulemaking,0b0000648042b3b5
FDA-2004-D-0183,Nonrulemaking,0b00006480470235
FDA-2005-D-0384,Nonrulemaking,0b0000648044c0a2
FDA-2008-D-0406,Nonrulemaking,0b0000648067cce6
FDA-2008-P-0363,Nonrulemaking,0b000064806328e6
FDA-2010-D-0194,Nonrulemaking,0b00006480ad4352
FDA-2021-P-0992,Nonrulemaking,0b00006484d6ceaa
FDA-2021-Z-0025,Nonrulemaking,0b000064849d972b
FDA-2019-P-5593,Nonrulemaking,0b000064841b19c9
FDA-2018-P-1698,Nonrulemaking,0b0000648321af6d
FDA-2017-P-5118,Nonrulemaking,0b00006482a956f1
FDA-2017-P-4736,Nonrulemaking,0b000064829c7199
FDA-2017-P-6020,Nonrulemaking,0b00006482b98ab6
FDA-2014-P-1057,Nonrulemaking,0b000064817d79d5
FDA-2015-P-2230,Nonrulemaking,0b00006481b41397
FDA-2014-P-0496,Nonrulemaking,0b000064816bbe98
FDA-2017-P-0115,Nonrulemaking,0b0000648244f781
FDA-2015-P-2678,Nonrulemaking,0b00006481ba707d
FDA-2018-N-2701,Nonrulemaking,0b000064834da1c9
FDA-2018-P-4851,Nonrulemaking,0b000064839be5a0
FDA-2019-P-5151,Nonrulemaking,0b0000648411ae57
FDA-2016-P-2675,Nonrulemaking,0b000064821e949c
FDA-2020-P-0512,Nonrulemaking,0b0000648430f42a
FDA-2021-P-0567,Nonrulemaking,0b00006484b93f5d
FDA-2008-D-0434,Nonrulemaking,0b0000648069c4b9
FDA-2019-P-1783,Nonrulemaking,0b00006483b8ee1f
FDA-2010-P-0644,Nonrulemaking,0b00006480bba386
FDA-2018-P-4832,Nonrulemaking,0b000064839baa52
FDA-2012-P-0747,Nonrulemaking,0b0000648108745a
FDA-2012-N-0748,Nonrulemaking,0b00006481087f14
FDA-2016-P-2782,Nonrulemaking,0b00006482214c7b
FDA-2017-P-1990,Nonrulemaking,0b00006482532495
FDA-2014-P-0646,Nonrulemaking,0b000064817031f1
FDA-2014-P-0647,Nonrulemaking,0b00006481703370
FDA-2014-P-1882,Nonrulemaking,0b00006481922968
FDA-2016-P-1246,Nonrulemaking,0b00006481fae70c
FDA-2015-P-3778,Nonrulemaking,0b00006481cd111f
FDA-2016-D-3329,Nonrulemaking,0b000064822f3d71
FDA-2018-P-3535,Nonrulemaking,0b0000648371503f
FDA-2018-P-4340,Nonrulemaking,0b000064838d66dd
FDA-2018-P-3327,Nonrulemaking,0b0000648367be1e
FDA-2020-P-1506,Nonrulemaking,0b000064846cf5d4
FDA-2019-P-0175,Nonrulemaking,0b000064839e9bb8
FDA-2016-P-3162,Nonrulemaking,0b0000648229c30f
FDA-2021-P-0083,Nonrulemaking,0b000064849f3e5b
FDA-2020-P-1881,Nonrulemaking,0b0000648485a51f
FDA-2021-P-0268,Nonrulemaking,0b00006484a5f8bb
FDA-2007-N-0267,Nonrulemaking,0b0000648042b37b
FDA-2004-P-0401,Nonrulemaking,0b000064804744cc
FDA-2005-P-0517,Nonrulemaking,0b000064804862a8
FDA-2009-N-0483,Nonrulemaking,0b00006480a39207
FDA-1995-P-0003,Nonrulemaking,0b00006480558354
FDA-2015-P-3876,Nonrulemaking,0b00006481cde387
FDA-2019-P-1911,Nonrulemaking,0b00006483bdbffe
FDA-2021-P-1082,Nonrulemaking,0b00006484dbd105
FDA-2019-P-5833,Nonrulemaking,0b0000648420262f
FDA-2017-P-4352,Nonrulemaking,0b0000648294beb6
FDA-2015-P-2413,Nonrulemaking,0b00006481b72540
FDA-2020-P-0129,Nonrulemaking,0b0000648427f9be
FDA-2017-P-6745,Nonrulemaking,0b00006482cdfcaf
FDA-2015-P-4529,Nonrulemaking,0b00006481d7d888
FDA-2017-P-4027,Nonrulemaking,0b000064827de3db
FDA-2020-P-2296,Nonrulemaking,0b0000648499c8a0
FDA-2020-P-1403,Nonrulemaking,0b00006484645680
FDA-2011-P-0127,Nonrulemaking,0b00006480bfdf87
FDA-2013-P-1641,Nonrulemaking,0b000064814c3fb3
FDA-2014-P-0700,Nonrulemaking,0b00006481714cc8
FDA-2014-P-1670,Nonrulemaking,0b000064818e5448
FDA-2014-P-1975,Nonrulemaking,0b0000648193754c
FDA-2014-P-0980,Nonrulemaking,0b0000648179ea60
FDA-2015-P-2830,Nonrulemaking,0b00006481bbc982
FDA-2015-P-0876,Nonrulemaking,0b00006481a528c7
FDA-2019-P-4155,Nonrulemaking,0b00006483f07814
FDA-2017-P-7033,Nonrulemaking,0b00006482d843d8
FDA-2017-P-2229,Nonrulemaking,0b00006482547d82
FDA-2018-P-2985,Nonrulemaking,0b000064835941d1
FDA-2018-P-0614,Nonrulemaking,0b00006482ef9d0e
FDA-2015-P-1433,Nonrulemaking,0b00006481abfa6c
FDA-2018-P-0874,Nonrulemaking,0b00006482f63f37
FDA-2016-P-0770,Nonrulemaking,0b00006481e96106
FDA-2004-D-0244,Nonrulemaking,0b000064804719d4
FDA-2020-D-1375,Nonrulemaking,0b000064845d37a4
FDA-2011-P-0646,Nonrulemaking,0b00006480f0e711
FDA-2017-P-2659,Nonrulemaking,0b0000648257fb67
FDA-2018-P-3709,Nonrulemaking,0b0000648378654f
FDA-2018-N-1794,Nonrulemaking,0b00006483242534
FDA-2017-P-6028,Nonrulemaking,0b00006482b9c139
FDA-2019-P-0412,Nonrulemaking,0b00006483a16d77
FDA-2018-P-3883,Nonrulemaking,0b000064837c506e
FDA-2020-P-2004,Nonrulemaking,0b0000648487376d
FDA-2015-P-2374,Nonrulemaking,0b00006481b6dbfe
FDA-2013-N-0579,Nonrulemaking,0b000064812e5b9a
FDA-2020-P-1205,Nonrulemaking,0b00006484467640
FDA-2019-P-4515,Nonrulemaking,0b00006483fcef4d
FDA-2016-P-2497,Nonrulemaking,0b0000648218256f
FDA-2018-N-3728,Nonrulemaking,0b00006483787c9d
FDA-2021-P-0674,Nonrulemaking,0b00006484bd67e4
FDA-2004-D-0305,Nonrulemaking,0b00006480472e75
FDA-2007-P-0183,Nonrulemaking,0b0000648042a70a
FDA-2006-P-0334,Nonrulemaking,0b0000648045d2c4
FDA-2010-P-0377,Nonrulemaking,0b00006480b17962
FDA-2021-P-1081,Nonrulemaking,0b00006484dbcf40
FDA-2018-P-0033,Nonrulemaking,0b00006482d920a0
FDA-2011-D-0057,Nonrulemaking,0b00006480bd206a
FDA-2017-P-4388,Nonrulemaking,0b000064829569e0
FDA-2015-P-0181,Nonrulemaking,0b000064819cf9c4
FDA-2015-P-2482,Nonrulemaking,0b00006481b83c10
FDA-2016-P-1104,Nonrulemaking,0b00006481f1069d
FDA-2017-P-2164,Nonrulemaking,0b0000648253f8d5
FDA-2017-P-2660,Nonrulemaking,0b0000648257fb6b
FDA-2014-P-0984,Nonrulemaking,0b000064817a0df1
FDA-2019-P-2982,Nonrulemaking,0b00006483d29feb
FDA-2017-P-6922,Nonrulemaking,0b00006482d3cea9
FDA-2017-P-4249,Nonrulemaking,0b00006482923c32
FDA-2020-P-1730,Nonrulemaking,0b000064847d2946
FDA-2019-P-5394,Nonrulemaking,0b000064841565dc
FDA-2020-P-2144,Nonrulemaking,0b00006484943141
FDA-2020-P-2180,Nonrulemaking,0b00006484956d0c
FDA-2015-P-0569,Nonrulemaking,0b00006481a11791
FDA-2019-P-1980,Nonrulemaking,0b00006483beb86b
FDA-2021-P-0445,Nonrulemaking,0b00006484aea665
FDA-2007-A-0100,Nonrulemaking,0b00006480429d7b
FDA-2005-D-0087,Nonrulemaking,0b0000648043f494
FDA-2021-P-0893,Nonrulemaking,0b00006484c440fc
FDA-2019-P-5791,Nonrulemaking,0b000064841f0730
FDA-2017-P-6692,Nonrulemaking,0b00006482cc575f
FDA-2020-P-1626,Nonrulemaking,0b00006484722103
FDA-2019-P-6099,Nonrulemaking,0b0000648425e10a
FDA-2021-P-0894,Nonrulemaking,0b00006484c48c4e
FDA-2016-P-1115,Nonrulemaking,0b00006481f2eacc
FDA-2015-P-4566,Nonrulemaking,0b00006481d82d7e
FDA-2016-P-1946,Nonrulemaking,0b00006482092602
FDA-2016-P-3620,Nonrulemaking,0b0000648235c66b
FDA-2016-P-1088,Nonrulemaking,0b00006481edff53
FDA-2010-P-0359,Nonrulemaking,0b00006480b1370e
FDA-2017-P-5114,Nonrulemaking,0b00006482a94f45
FDA-2016-P-1106,Nonrulemaking,0b00006481f0ebd2
FDA-2018-P-1174,Nonrulemaking,0b0000648301cdd0
FDA-2019-P-0915,Nonrulemaking,0b00006483aa4bc6
FDA-2012-N-1148,Rulemaking,0b0000648116c9d5
FDA-2016-P-1105,Nonrulemaking,0b00006481f0ebce
FDA-2017-P-1391,Nonrulemaking,0b000064824f40cd
FDA-2015-P-3794,Nonrulemaking,0b00006481cd1462
FDA-2020-P-2136,Nonrulemaking,0b0000648493be2e
FDA-2018-P-4714,Nonrulemaking,0b000064839887bd
FDA-2021-P-0136,Nonrulemaking,0b00006484a11e23
FDA-2007-P-0009,Nonrulemaking,0b000064804292da
FDA-2009-D-0319,Nonrulemaking,0b000064809eda7c
FDA-2021-P-1209,Nonrulemaking,0b00006484e35f66
FDA-2019-P-3946,Nonrulemaking,0b00006483e7f58c
FDA-2016-P-2375,Nonrulemaking,0b0000648214ddb7
FDA-2017-P-1002,Nonrulemaking,0b000064824c3679
FDA-2018-P-1808,Nonrulemaking,0b0000648324f8b2
FDA-2017-P-5967,Nonrulemaking,0b00006482b87371
FDA-2017-P-0398,Nonrulemaking,0b000064824867ee
FDA-2014-N-1009,Nonrulemaking,0b000064817b15b1
FDA-2012-P-1107,Nonrulemaking,0b0000648115fe75
FDA-2014-P-1044,Nonrulemaking,0b000064817d3bb6
FDA-2013-D-0168,Nonrulemaking,0b000064811f75da
FDA-2017-P-4233,Nonrulemaking,0b00006482922438
FDA-2014-P-0933,Nonrulemaking,0b0000648178a404
FDA-2018-P-1949,Nonrulemaking,0b0000648327f4a9
FDA-2015-P-2373,Nonrulemaking,0b00006481b6d636
FDA-2019-P-4424,Nonrulemaking,0b00006483fab7a1
FDA-2017-P-7032,Nonrulemaking,0b00006482d843d4
FDA-2019-P-5760,Nonrulemaking,0b000064841ed2b9
FDA-2019-P-1351,Nonrulemaking,0b00006483b0d95d
FDA-2006-N-0425,Nonrulemaking,0b00006480461977
FDA-2006-N-0491,Nonrulemaking,0b00006480463603
FDA-2009-N-0353,Nonrulemaking,0b000064809f9ce6
FDA-2018-P-3896,Nonrulemaking,0b000064837ce9d0
FDA-2021-P-1124,Nonrulemaking,0b00006484dc9aab
FDA-2016-P-1107,Nonrulemaking,0b00006481f1163e
FDA-2011-N-0049,Nonrulemaking,0b00006480bcdd8a
FDA-2017-P-4372,Nonrulemaking,0b00006482953a7e
FDA-2017-P-6248,Nonrulemaking,0b00006482bfdb1e
FDA-2014-P-0752,Nonrulemaking,0b0000648172a4a5
FDA-2014-P-1282,Nonrulemaking,0b00006481850f6d
FDA-2016-P-1037,Nonrulemaking,0b00006481ed6624
FDA-2014-P-1038,Nonrulemaking,0b000064817cfe68
FDA-2019-P-3082,Nonrulemaking,0b00006483d42e5f
FDA-2016-P-4164,Nonrulemaking,0b000064823d691b
FDA-2014-P-0813,Nonrulemaking,0b00006481750365
FDA-2017-P-5124,Nonrulemaking,0b00006482a9617f
FDA-2017-P-4500,Nonrulemaking,0b0000648297e07b
FDA-2021-P-0513,Nonrulemaking,0b00006484b395f7
FDA-2020-P-2247,Nonrulemaking,0b00006484982107
FDA-2021-P-0953,Nonrulemaking,0b00006484cb2e75
FDA-2006-N-0245,Nonrulemaking,0b00006480457247
FDA-2009-D-0563,Nonrulemaking,0b00006480a5d380
FDA-2021-P-0311,Nonrulemaking,0b00006484a73db1
FDA-2017-P-4939,Nonrulemaking,0b00006482a31fb5
FDA-2021-P-1215,Nonrulemaking,0b00006484e3eb8d
FDA-2016-P-3311,Nonrulemaking,0b000064822ef8e0
FDA-2021-P-1183,Nonrulemaking,0b00006484e055a8
FDA-2010-N-0161,Nonrulemaking,0b00006480ac1be1
FDA-2017-P-1230,Nonrulemaking,0b000064824e11df
FDA-2016-P-1285,Nonrulemaking,0b00006481fd62be
FDA-2011-N-0708,Nonrulemaking,0b00006480f4276c
FDA-2011-P-0355,Nonrulemaking,0b00006480c75bd1
FDA-2014-P-1771,Nonrulemaking,0b00006481908aac
FDA-2014-P-1569,Nonrulemaking,0b000064818b45f6
FDA-2013-N-0578,Nonrulemaking,0b000064812e5b96
FDA-2019-P-3192,Nonrulemaking,0b00006483d56e73
FDA-2016-P-2672,Nonrulemaking,0b000064821e612a
FDA-2019-P-4281,Nonrulemaking,0b00006483f54240
FDA-2018-P-1263,Nonrulemaking,0b0000648304de45
FDA-2004-D-0353,Nonrulemaking,0b00006480473538
FDA-2008-D-0205,Nonrulemaking,0b0000648040d907
FDA-2005-P-0053,Nonrulemaking,0b0000648043ed48
FDA-2020-P-1857,Nonrulemaking,0b0000648484a2b1
FDA-2018-P-0877,Nonrulemaking,0b00006482f64346
FDA-2016-P-1108,Nonrulemaking,0b00006481f11642
FDA-2016-P-1213,Nonrulemaking,0b00006481f93a77
FDA-2016-P-1676,Nonrulemaking,0b00006482048785
FDA-2014-P-2188,Nonrulemaking,0b00006481971bb4
FDA-2015-P-2000,Nonrulemaking,0b00006481b17325
FDA-2017-P-5910,Nonrulemaking,0b00006482b7725a
FDA-2018-D-4587,Nonrulemaking,0b0000648391c4b5
FDA-2018-P-0130,Nonrulemaking,0b00006482dce27b
FDA-2019-P-4670,Nonrulemaking,0b0000648404a36b
FDA-2018-P-1238,Nonrulemaking,0b00006483043066
FDA-2020-P-1248,Nonrulemaking,0b00006484485c68
FDA-2020-P-1052,Nonrulemaking,0b00006484408efa
FDA-2019-P-1679,Nonrulemaking,0b00006483b720d9
FDA-2005-N-0101,Nonrulemaking,0b0000648043f89b
FDA-2005-P-0367,Nonrulemaking,0b0000648044afa3
FDA-2020-P-1344,Nonrulemaking,0b00006484568aa7
FDA-2019-P-6049,Nonrulemaking,0b00006484251113
FDA-2013-S-0610,Nonrulemaking,0b000064812eeaaa
FDA-2019-P-1560,Nonrulemaking,0b00006483b58c2c
FDA-2014-D-1891,Nonrulemaking,0b000064819245ee
FDA-2016-P-3482,Nonrulemaking,0b00006482330f57
FDA-2016-P-4275,Nonrulemaking,0b000064823edf4a
FDA-2018-P-1678,Nonrulemaking,0b0000648320cfd0
FDA-2016-P-4591,Nonrulemaking,0b0000648243c197
FDA-2014-P-0699,Nonrulemaking,0b00006481714cc4
FDA-2014-P-0511,Nonrulemaking,0b000064816bf006
FDA-2014-P-1603,Nonrulemaking,0b000064818bdc83
FDA-2014-P-0445,Nonrulemaking,0b000064816b1e4e
FDA-2014-P-0513,Nonrulemaking,0b000064816c10d6
FDA-2015-P-4582,Nonrulemaking,0b00006481d83870
FDA-2018-P-3281,Nonrulemaking,0b0000648365cad0
FDA-2019-P-1198,Nonrulemaking,0b00006483adb7d5
FDA-2017-P-2803,Nonrulemaking,0b0000648258f166
FDA-2017-P-4195,Nonrulemaking,0b00006482919695
FDA-2018-P-2050,Nonrulemaking,0b00006483305797
FDA-2017-P-1495,Nonrulemaking,0b000064824fd7c6
FDA-2004-N-0066,Nonrulemaking,0b0000648046ecbc
FDA-2004-N-0378,Nonrulemaking,0b000064804737f3
FDA-2007-N-0088,Nonrulemaking,0b00006480429c9e
FDA-2006-D-0032,Nonrulemaking,0b000064804420c2
FDA-2009-P-0602,Nonrulemaking,0b00006480a71f86
FDA-2021-P-1142,Nonrulemaking,0b00006484dd9e4c
FDA-2015-P-4946,Nonrulemaking,0b00006481dbe0d0
FDA-2015-P-3739,Nonrulemaking,0b00006481ccb0df
FDA-2017-P-4670,Nonrulemaking,0b0000648299add4
FDA-2019-P-4645,Nonrulemaking,0b00006484020dd7
FDA-2016-P-1250,Nonrulemaking,0b00006481fbb206
FDA-2016-P-1212,Nonrulemaking,0b00006481f93dd7
FDA-2016-P-4141,Nonrulemaking,0b000064823cbd53
FDA-2019-P-1643,Nonrulemaking,0b00006483b6a2d8
FDA-2014-P-1660,Nonrulemaking,0b000064818e04fa
FDA-2014-P-2142,Nonrulemaking,0b00006481966835
FDA-2013-D-0362,Nonrulemaking,0b00006481246101
FDA-2017-P-1108,Nonrulemaking,0b000064824d40e1
FDA-2020-P-1065,Nonrulemaking,0b00006484420986
FDA-2020-P-0678,Nonrulemaking,0b0000648433c587
FDA-2021-P-0211,Nonrulemaking,0b00006484a46b83
FDA-2016-P-2737,Nonrulemaking,0b0000648220cd5d
FDA-2021-P-0037,Nonrulemaking,0b000064849ea06b
FDA-2021-P-0027,Nonrulemaking,0b000064849dc164
FDA-2008-D-0206,Nonrulemaking,0b0000648040d92e
FDA-2005-N-0240,Nonrulemaking,0b000064804440a8
FDA-2006-N-0306,Nonrulemaking,0b0000648045c551
FDA-2010-D-0281,Nonrulemaking,0b00006480afd26c
FDA-2018-P-3951,Nonrulemaking,0b00006483805754
FDA-2021-P-0424,Nonrulemaking,0b00006484ac8271
FDA-2014-N-0237,Nonrulemaking,0b000064815aafb5
FDA-2012-P-0906,Nonrulemaking,0b000064810e1feb
FDA-2014-P-2301,Nonrulemaking,0b000064819963ea
FDA-2014-P-1802,Nonrulemaking,0b0000648191147f
FDA-2014-P-1773,Nonrulemaking,0b000064819091cc
FDA-2014-P-1343,Nonrulemaking,0b00006481866836
FDA-2015-P-2807,Nonrulemaking,0b00006481bb621d
FDA-2015-P-0464,Nonrulemaking,0b00006481a01243
FDA-2018-P-0034,Nonrulemaking,0b00006482d920a4
FDA-2017-P-6245,Nonrulemaking,0b00006482bf9ab2
FDA-2017-P-3329,Nonrulemaking,0b000064826172d1
FDA-2018-N-4002,Nonrulemaking,0b0000648383a481
FDA-2017-P-5946,Nonrulemaking,0b00006482b818e0
FDA-2020-P-1443,Nonrulemaking,0b000064846b9ff2
FDA-2011-D-0305,Nonrulemaking,0b00006480c3b05d
FDA-2016-P-2344,Nonrulemaking,0b000064821483cd
FDA-2006-N-0249,Nonrulemaking,0b000064804573d2
FDA-2006-P-0021,Nonrulemaking,0b00006480441a54
FDA-2010-N-0101,Nonrulemaking,0b00006480aa9c5e
FDA-2010-P-0150,Nonrulemaking,0b00006480abe644
FDA-2020-P-2360,Nonrulemaking,0b000064849d072e
FDA-2020-P-1674,Nonrulemaking,0b00006484774db7
FDA-2020-P-1297,Nonrulemaking,0b000064844acbab
FDA-2021-P-1147,Nonrulemaking,0b00006484de469b
FDA-2019-P-5970,Nonrulemaking,0b00006484229eec
FDA-2017-P-7034,Nonrulemaking,0b00006482d843dc
FDA-2012-D-0585,Nonrulemaking,0b0000648103b40d
FDA-2019-P-3423,Nonrulemaking,0b00006483d99009
FDA-2014-P-0585,Nonrulemaking,0b000064816ded19
FDA-2011-P-0709,Nonrulemaking,0b00006480f41496
FDA-2015-P-1752,Nonrulemaking,0b00006481ae3f07
FDA-2019-P-0537,Nonrulemaking,0b00006483a39b94
FDA-2018-P-0674,Nonrulemaking,0b00006482f1b818
FDA-2020-P-1641,Nonrulemaking,0b0000648473130c
FDA-2014-P-1293,Nonrulemaking,0b00006481855ea1
FDA-2014-N-0386,Nonrulemaking,0b00006481698eaa
FDA-2007-P-0345,Nonrulemaking,0b0000648042b93a
FDA-2005-D-0156,Nonrulemaking,0b00006480440262
FDA-2021-P-0545,Nonrulemaking,0b00006484b61195
FDA-2019-P-5691,Nonrulemaking,0b000064841dffe4
FDA-2020-P-1771,Nonrulemaking,0b0000648480d061
FDA-2019-P-5997,Nonrulemaking,0b00006484239d2a
FDA-2018-P-0131,Nonrulemaking,0b00006482dce27f
FDA-2014-P-1269,Nonrulemaking,0b0000648184c73f
FDA-2017-P-5205,Nonrulemaking,0b00006482ac6ee3
FDA-2017-P-6214,Nonrulemaking,0b00006482be56d3
FDA-2017-P-2869,Nonrulemaking,0b00006482594943
FDA-2018-P-3426,Nonrulemaking,0b000064836cb7f0
FDA-2021-P-0342,Nonrulemaking,0b00006484a8e0a1
FDA-2020-P-2066,Nonrulemaking,0b000064848f80a4
FDA-2004-P-0334,Nonrulemaking,0b0000648047314e
FDA-2008-N-0027,Nonrulemaking,0b0000648039af64
FDA-2008-P-0444,Nonrulemaking,0b000064806b2002
FDA-2008-P-0529,Nonrulemaking,0b0000648072c751
FDA-2021-P-0308,Nonrulemaking,0b00006484a71cb3
FDA-2018-P-1532,Nonrulemaking,0b0000648314f427
FDA-2019-P-4362,Nonrulemaking,0b00006483f954e6
FDA-2016-P-1952,Nonrulemaking,0b0000648209277f
FDA-2017-P-6211,Nonrulemaking,0b00006482be5624
FDA-2015-P-0762,Nonrulemaking,0b00006481a3ae2d
FDA-2016-P-1547,Nonrulemaking,0b00006482029838
FDA-2014-P-2168,Nonrulemaking,0b0000648196b780
FDA-2017-P-0176,Nonrulemaking,0b0000648245cb73
FDA-2015-P-1431,Nonrulemaking,0b00006481abf2e9
FDA-2015-P-0389,Nonrulemaking,0b000064819f56a4
FDA-2016-P-1286,Nonrulemaking,0b00006481fd5fcf
FDA-2019-P-5922,Nonrulemaking,0b00006484213f9b
FDA-2018-P-1195,Nonrulemaking,0b0000648302af0c
FDA-2015-P-4770,Nonrulemaking,0b00006481d9ee63
FDA-2021-P-0852,Nonrulemaking,0b00006484c20eda
FDA-2009-P-0227,Nonrulemaking,0b0000648099d000
FDA-2009-D-0470,Nonrulemaking,0b00006480a30f6b
FDA-2021-P-0293,Nonrulemaking,0b00006484a6b56f
FDA-2018-P-2901,Nonrulemaking,0b00006483559e5d
FDA-2019-P-1566,Nonrulemaking,0b00006483b58ff9
FDA-2017-P-3405,Nonrulemaking,0b0000648266ea7a
FDA-2016-P-1249,Nonrulemaking,0b00006481fba63a
FDA-2016-P-2736,Nonrulemaking,0b0000648220c510
FDA-2018-P-0258,Nonrulemaking,0b00006482e2804f
FDA-2014-P-2169,Nonrulemaking,0b0000648196bce3
FDA-2014-P-0916,Nonrulemaking,0b00006481776d5f
FDA-2016-P-0135,Nonrulemaking,0b00006481e042f3
FDA-2018-P-4656,Nonrulemaking,0b0000648395989a
FDA-2018-P-3640,Nonrulemaking,0b0000648377102e
FDA-2015-P-2481,Nonrulemaking,0b00006481b832da
FDA-2017-P-2626,Nonrulemaking,0b0000648257b56e
FDA-2020-P-2187,Nonrulemaking,0b0000648495d0d1
FDA-2016-P-3426,Nonrulemaking,0b00006482316206
FDA-2016-P-1211,Nonrulemaking,0b00006481f93dd3
FDA-2020-P-1511,Nonrulemaking,0b000064846d4a6d
FDA-2004-P-0465,Nonrulemaking,0b0000648047583e
FDA-2003-P-0291,Nonrulemaking,0b00006480492b6f
FDA-2003-P-0334,Nonrulemaking,0b00006480495eda
FDA-2016-P-1287,Nonrulemaking,0b00006481fd5fd3
FDA-2019-P-5887,Nonrulemaking,0b0000648420d0e8
FDA-2013-N-0662,Nonrulemaking,0b0000648130a7f4
FDA-2021-P-0767,Nonrulemaking,0b00006484c02251
FDA-2018-P-1751,Nonrulemaking,0b0000648322c1b1
FDA-2016-P-0769,Nonrulemaking,0b00006481e95e29
FDA-2017-P-5370,Nonrulemaking,0b00006482afbe58
FDA-2017-P-0494,Nonrulemaking,0b00006482492ea9
FDA-2014-P-1353,Nonrulemaking,0b000064818699d8
FDA-2014-P-1844,Nonrulemaking,0b000064819186b6
FDA-2015-P-4601,Nonrulemaking,0b00006481d85d45
FDA-2015-P-0095,Nonrulemaking,0b000064819b056f
FDA-2014-P-2058,Nonrulemaking,0b00006481948aed
FDA-2017-P-5082,Nonrulemaking,0b00006482a8ca8a
FDA-2017-P-6208,Nonrulemaking,0b00006482be51ac
FDA-2003-D-0309,Nonrulemaking,0b000064804948c7
FDA-2008-D-0229,Nonrulemaking,0b000064804a697b
FDA-2010-N-0057,Nonrulemaking,0b00006480a80b7d
FDA-2019-P-5943,Nonrulemaking,0b0000648421d5c8
FDA-2019-P-6047,Nonrulemaking,0b000064842510f1
FDA-2016-P-1955,Nonrulemaking,0b00006482092783
FDA-2018-P-3401,Nonrulemaking,0b000064836bc218
FDA-2018-P-2749,Nonrulemaking,0b00006483512946
FDA-2014-P-0549,Nonrulemaking,0b000064816d4c6b
FDA-2014-P-0603,Nonrulemaking,0b000064816e85b0
FDA-2011-P-0610,Nonrulemaking,0b00006480ee6757
FDA-2017-P-4389,Nonrulemaking,0b00006482956ff3
FDA-2015-P-0014,Nonrulemaking,0b0000648199dbcc
FDA-2015-P-4131,Nonrulemaking,0b00006481d1b023
FDA-2017-P-2233,Nonrulemaking,0b00006482548a4c
FDA-2020-P-1878,Nonrulemaking,0b000064848595fa
FDA-2018-P-1892,Nonrulemaking,0b00006483269c8d
FDA-2020-P-2060,Nonrulemaking,0b000064848ea880
FDA-2003-D-0151,Nonrulemaking,0b000064804871ea
FDA-2005-D-0071,Nonrulemaking,0b0000648043f2f9
FDA-2008-P-0486,Nonrulemaking,0b000064806f0f41
FDA-2009-N-0486,Nonrulemaking,0b00006480a3b965
FDA-2018-P-3413,Nonrulemaking,0b000064836c9d25
FDA-2021-P-0358,Nonrulemaking,0b00006484a9ffbf
FDA-2016-P-3082,Nonrulemaking,0b00006482286098
FDA-2017-P-6029,Nonrulemaking,0b00006482b9d630
FDA-2019-P-2070,Nonrulemaking,0b00006483c1c95b
FDA-2014-P-1694,Nonrulemaking,0b000064818f87ab
FDA-2015-P-0840,Nonrulemaking,0b00006481a4e4f4
FDA-2015-P-1201,Nonrulemaking,0b00006481aa1f9b
FDA-2015-P-1050,Nonrulemaking,0b00006481a85d14
FDA-2015-P-2141,Nonrulemaking,0b00006481b2c325
FDA-2015-P-4945,Nonrulemaking,0b00006481dbe05d
FDA-2015-P-0233,Nonrulemaking,0b000064819dd1b4
FDA-2018-P-4549,Nonrulemaking,0b000064839089e5
FDA-2017-P-1226,Nonrulemaking,0b000064824def8f
FDA-2018-P-1891,Nonrulemaking,0b0000648326938b
FDA-2015-P-3410,Nonrulemaking,0b00006481c9dce2
FDA-2012-P-0153,Nonrulemaking,0b00006480fb6140
FDA-2020-P-2166,Nonrulemaking,0b0000648494c27e
FDA-2020-P-1540,Nonrulemaking,0b000064846e003d
FDA-2020-P-2236,Nonrulemaking,0b0000648497902f
FDA-2020-P-1334,Nonrulemaking,0b00006484551304
FDA-2021-P-0514,Nonrulemaking,0b00006484b395fb
FDA-2004-D-0046,Nonrulemaking,0b0000648046e863
FDA-2008-N-0572,Nonrulemaking,0b0000648077ed36
FDA-2009-N-0360,Nonrulemaking,0b000064809fd6bf
FDA-2010-P-0360,Nonrulemaking,0b00006480b13a44
FDA-2010-P-0383,Nonrulemaking,0b00006480b1b577
FDA-2019-P-0538,Nonrulemaking,0b00006483a3a1b8
FDA-2011-N-0556,Nonrulemaking,0b00006480ec9649
FDA-2015-P-0758,Nonrulemaking,0b00006481a3a98e
FDA-2015-P-2120,Nonrulemaking,0b00006481b29c62
FDA-2015-P-2854,Nonrulemaking,0b00006481bc4fa7
FDA-2019-D-1372,Nonrulemaking,0b00006483b1524d
FDA-2019-P-6044,Nonrulemaking,0b00006484251003
FDA-2020-P-1072,Nonrulemaking,0b000064844252d6
FDA-2021-P-1108,Nonrulemaking,0b00006484dc4322
FDA-2021-P-1188,Nonrulemaking,0b00006484e05b88
FDA-2015-P-1590,Nonrulemaking,0b00006481ad2af1
FDA-2014-P-0737,Nonrulemaking,0b00006481722fc2
FDA-2014-P-2243,Nonrulemaking,0b00006481983b34
FDA-2015-P-1757,Nonrulemaking,0b00006481ae59ba
FDA-2019-P-4832,Nonrulemaking,0b000064840a7825
FDA-2017-P-5477,Nonrulemaking,0b00006482b12226
FDA-2018-P-2361,Nonrulemaking,0b0000648342c582
FDA-2020-P-2048,Nonrulemaking,0b000064848cdd42
FDA-2020-P-1073,Nonrulemaking,0b00006484426484
FDA-2003-D-0150,Nonrulemaking,0b000064804870d5
FDA-2005-N-0290,Nonrulemaking,0b00006480445bc4
FDA-2008-P-0291,Nonrulemaking,0b00006480552835
FDA-2009-N-0488,Nonrulemaking,0b00006480a3bb25
FDA-2017-P-6136,Nonrulemaking,0b00006482bc4939
FDA-2019-P-4386,Nonrulemaking,0b00006483f9b4bb
FDA-2016-P-1963,Nonrulemaking,0b00006482095fbe
FDA-2011-P-0120,Nonrulemaking,0b00006480bfafcd
FDA-2017-P-4245,Nonrulemaking,0b00006482922e7e
FDA-2017-P-0508,Nonrulemaking,0b00006482494885
FDA-2015-P-4600,Nonrulemaking,0b00006481d85ac9
FDA-2014-P-2276,Nonrulemaking,0b0000648198dbbe
FDA-2017-P-6357,Nonrulemaking,0b00006482c3b409
FDA-2015-P-1669,Nonrulemaking,0b00006481adb0a5
FDA-2017-P-1077,Nonrulemaking,0b000064824cb60e
FDA-2018-P-1877,Nonrulemaking,0b00006483264947
FDA-2020-P-1859,Nonrulemaking,0b0000648484a2b9
FDA-2021-P-0345,Nonrulemaking,0b00006484a9359d
FDA-2020-P-2146,Nonrulemaking,0b00006484946db5
FDA-2020-P-0421,Nonrulemaking,0b000064842ec4a4
FDA-2020-P-0102,Nonrulemaking,0b0000648427be84
FDA-2021-P-0278,Nonrulemaking,0b00006484a66410
FDA-2003-D-0038,Nonrulemaking,0b000064804816d8
FDA-2006-P-0088,Nonrulemaking,0b000064804449b3
FDA-2004-P-0479,Nonrulemaking,0b00006480475ef1
FDA-2009-P-0320,Nonrulemaking,0b000064809ee061
FDA-2009-D-0490,Nonrulemaking,0b00006480a3bbf9
FDA-2021-P-0307,Nonrulemaking,0b00006484a71cae
FDA-2020-P-2033,Nonrulemaking,0b000064848ad751
FDA-2017-P-6631,Nonrulemaking,0b00006482cb2ea5
FDA-2017-P-2967,Nonrulemaking,0b000064825a0ee5
FDA-2012-N-0324,Nonrulemaking,0b00006480fe7f3f
FDA-2017-P-1573,Nonrulemaking,0b00006482506d93
FDA-2017-P-2530,Nonrulemaking,0b00006482567f1a
FDA-2018-P-4143,Nonrulemaking,0b0000648387432e
FDA-2018-P-2754,Nonrulemaking,0b00006483518e71
FDA-2018-P-1719,Nonrulemaking,0b00006483220de2
FDA-2020-P-1390,Nonrulemaking,0b00006484604be4
FDA-2020-P-1617,Nonrulemaking,0b00006484706b19
FDA-2019-P-1636,Nonrulemaking,0b00006483b697b7
FDA-2004-P-0020,Nonrulemaking,0b0000648046a8c7
FDA-2005-P-0057,Nonrulemaking,0b0000648043ee0a
FDA-2009-P-0023,Nonrulemaking,0b00006480822e75
FDA-2017-P-0970,Nonrulemaking,0b000064824c12d1
FDA-2017-P-2733,Nonrulemaking,0b000064825878aa
FDA-2017-P-4360,Nonrulemaking,0b0000648294ef74
FDA-2018-P-0266,Nonrulemaking,0b00006482e295fc
FDA-2016-P-0187,Nonrulemaking,0b00006481e13d70
FDA-2014-P-0328,Nonrulemaking,0b00006481671fbe
FDA-2015-P-3085,Nonrulemaking,0b00006481c34883
FDA-2015-P-4237,Nonrulemaking,0b00006481d3a733
FDA-2018-P-3730,Nonrulemaking,0b0000648378846f
FDA-2019-P-3877,Nonrulemaking,0b00006483e57a58
FDA-2020-P-2013,Nonrulemaking,0b0000648487a1aa
FDA-2017-P-3486,Nonrulemaking,0b0000648268e1bd
FDA-2016-P-4587,Nonrulemaking,0b0000648243b2e1
FDA-2016-P-1650,Nonrulemaking,0b0000648203d835
FDA-2020-P-1601,Nonrulemaking,0b000064846fe7d1
FDA-2007-N-0218,Nonrulemaking,0b0000648042add5
FDA-2017-P-6777,Nonrulemaking,0b00006482cf2407
FDA-2019-P-4363,Nonrulemaking,0b00006483f954ea
FDA-2019-P-0198,Nonrulemaking,0b000064839ec8f8
FDA-2011-N-0841,Nonrulemaking,0b00006480f6f764
FDA-2018-P-0097,Nonrulemaking,0b00006482db1a16
FDA-2018-P-0268,Nonrulemaking,0b00006482e29d13
FDA-2018-P-0269,Nonrulemaking,0b00006482e29d17
FDA-2018-P-0564,Nonrulemaking,0b00006482eee03d
FDA-2017-P-5799,Nonrulemaking,0b00006482b4dd25
FDA-2014-P-0637,Nonrulemaking,0b000064816fd290
FDA-2014-P-0771,Nonrulemaking,0b0000648172d0d3
FDA-2011-P-0662,Nonrulemaking,0b00006480f17146
FDA-2014-P-1383,Nonrulemaking,0b00006481871e7f
FDA-2015-P-2247,Nonrulemaking,0b00006481b48daf
FDA-2018-P-3949,Nonrulemaking,0b00006483800490
FDA-2019-P-3424,Nonrulemaking,0b00006483d99637
FDA-2017-P-6513,Nonrulemaking,0b00006482c7add2
FDA-2017-P-6411,Nonrulemaking,0b00006482c5916f
FDA-2017-P-0866,Nonrulemaking,0b000064824b6b9a
FDA-2017-P-3675,Nonrulemaking,0b000064826c6d1a
FDA-2018-P-3746,Nonrulemaking,0b0000648378e455
FDA-2020-P-1071,Nonrulemaking,0b000064844252b1
FDA-2019-P-3156,Nonrulemaking,0b00006483d515bb
FDA-2019-P-4507,Nonrulemaking,0b00006483fcea0e
FDA-2013-P-0608,Nonrulemaking,0b000064812edf26
FDA-2007-P-0401,Nonrulemaking,0b0000648042d89f
FDA-2004-D-0184,Nonrulemaking,0b00006480470242
FDA-2021-P-1019,Nonrulemaking,0b00006484d9459a
FDA-2021-P-1211,Nonrulemaking,0b00006484e37cab
FDA-2019-P-0466,Nonrulemaking,0b00006483a28d18
FDA-2019-P-2290,Nonrulemaking,0b00006483c5df09
FDA-2017-P-6967,Nonrulemaking,0b00006482d55fef
FDA-2017-P-3950,Nonrulemaking,0b00006482797909
FDA-2016-P-1363,Nonrulemaking,0b00006481ff4527
FDA-2016-P-4274,Nonrulemaking,0b000064823edea1
FDA-2016-P-0689,Nonrulemaking,0b00006481e84630
FDA-2011-P-0458,Nonrulemaking,0b00006480e42bf0
FDA-2015-P-1553,Nonrulemaking,0b00006481acf003
FDA-2017-P-4852,Nonrulemaking,0b000064829fafd2
FDA-2017-P-0863,Nonrulemaking,0b000064824b67a1
FDA-2015-P-0051,Nonrulemaking,0b000064819a7a91
FDA-2018-P-3616,Nonrulemaking,0b00006483759cef
FDA-2017-P-3684,Nonrulemaking,0b000064826c6e06
FDA-2020-P-1792,Nonrulemaking,0b00006484817375
FDA-2020-P-1597,Nonrulemaking,0b000064846faf00
FDA-2021-P-1174,Nonrulemaking,0b00006484dfa731
FDA-2016-P-1875,Nonrulemaking,0b0000648207e230
FDA-2016-P-3753,Nonrulemaking,0b00006482378948
FDA-2015-P-1090,Nonrulemaking,0b00006481a8a981
FDA-2017-P-0899,Nonrulemaking,0b000064824b9663
FDA-2019-P-6048,Nonrulemaking,0b000064842510f9
FDA-2020-P-1166,Nonrulemaking,0b0000648445f771
FDA-2019-P-4003,Nonrulemaking,0b00006483ebd9f4
FDA-2017-P-4791,Nonrulemaking,0b000064829e0aa5
FDA-2018-P-3422,Nonrulemaking,0b000064836cb725
FDA-2020-P-2130,Nonrulemaking,0b00006484932317
FDA-2004-P-0151,Nonrulemaking,0b0000648046ff3b
FDA-2008-N-0025,Nonrulemaking,0b0000648039af01
FDA-2018-P-1531,Nonrulemaking,0b0000648314f194
FDA-2016-P-4095,Nonrulemaking,0b000064823c2f69
FDA-2016-P-4341,Nonrulemaking,0b0000648240005f
FDA-2016-P-2072,Nonrulemaking,0b000064820aa1f1
FDA-2013-N-0653,Nonrulemaking,0b0000648130685d
FDA-2015-P-2820,Nonrulemaking,0b00006481bba943
FDA-2018-P-0829,Nonrulemaking,0b00006482f53a57
FDA-2019-P-3809,Nonrulemaking,0b00006483e36663
FDA-2018-P-3266,Nonrulemaking,0b0000648364b7ec
FDA-2017-P-6307,Nonrulemaking,0b00006482c256eb
FDA-2020-P-1074,Nonrulemaking,0b00006484426d13
FDA-2005-P-0313,Nonrulemaking,0b000064804479c2
FDA-2014-P-0802,Nonrulemaking,0b0000648174c754
FDA-2017-P-6663,Nonrulemaking,0b00006482cbd0e4
FDA-2014-P-1930,Nonrulemaking,0b0000648192e91d
FDA-2019-P-2590,Nonrulemaking,0b00006483cd3bdd
FDA-2017-P-0864,Nonrulemaking,0b000064824b67a5
FDA-2020-P-1769,Nonrulemaking,0b0000648480b7db
FDA-2021-P-0939,Nonrulemaking,0b00006484ca6543
FDA-2009-N-0545,Nonrulemaking,0b00006480a54a9e
FDA-2019-P-0076,Nonrulemaking,0b000064839da1c9
FDA-2015-P-3009,Nonrulemaking,0b00006481c21c5f
FDA-2015-P-3020,Nonrulemaking,0b00006481c26335
FDA-2018-P-1351,Nonrulemaking,0b000064830850de
FDA-2020-P-1701,Nonrulemaking,0b000064847a3d5f
FDA-2018-P-2658,Nonrulemaking,0b000064834cb18e
FDA-2007-N-0385,Nonrulemaking,0b0000648042d76b
FDA-2010-N-0229,Nonrulemaking,0b00006480ae498c
FDA-2015-P-1899,Nonrulemaking,0b00006481b08f1a
FDA-2017-N-6879,Nonrulemaking,0b00006482d0a563
FDA-2018-P-1760,Nonrulemaking,0b0000648323636c
FDA-2017-P-6750,Nonrulemaking,0b00006482ce3744
FDA-2018-P-0327,Nonrulemaking,0b00006482e4c248
FDA-2018-P-2344,Nonrulemaking,0b00006483425c46
FDA-2018-P-1516,Nonrulemaking,0b000064831468ae
FDA-2014-P-2193,Nonrulemaking,0b00006481972a1d
FDA-2014-P-1562,Nonrulemaking,0b000064818b6764
FDA-2017-P-5845,Nonrulemaking,0b00006482b64baf
FDA-2013-N-0731,Nonrulemaking,0b0000648132aa4a
FDA-2020-P-2318,Nonrulemaking,0b000064849af81a
FDA-2020-P-1650,Nonrulemaking,0b0000648473ba13
FDA-2018-P-1853,Nonrulemaking,0b000064832599e9
FDA-2020-P-0978,Nonrulemaking,0b000064843bcde5
FDA-2016-P-0378,Nonrulemaking,0b00006481e3b364
FDA-2020-P-1770,Nonrulemaking,0b0000648480b7df
FDA-2020-N-1411,Nonrulemaking,0b00006484652f57
FDA-2020-P-1875,Nonrulemaking,0b00006484856e55
FDA-2021-P-0292,Nonrulemaking,0b00006484a6b0e4
FDA-2008-P-0295,Nonrulemaking,0b00006480557f40
FDA-2017-D-5478,Nonrulemaking,0b00006482b131bd
FDA-2015-P-2867,Nonrulemaking,0b00006481bc5d2a
FDA-2003-P-0072,Nonrulemaking,0b00006480481e84
FDA-2017-P-3672,Nonrulemaking,0b000064826c5588
FDA-2016-P-3968,Nonrulemaking,0b000064823a2944
FDA-2016-P-2337,Nonrulemaking,0b00006482147587
FDA-2018-P-4642,Nonrulemaking,0b0000648394f582
FDA-2015-P-0543,Nonrulemaking,0b00006481a0bc77
FDA-2019-P-1800,Nonrulemaking,0b00006483ba5375
FDA-2018-P-3382,Nonrulemaking,0b000064836b9bcf
FDA-2018-P-2407,Nonrulemaking,0b00006483436b34
FDA-2020-P-1523,Nonrulemaking,0b000064846da33f
FDA-2018-P-1352,Nonrulemaking,0b000064830850e2
FDA-2019-P-4962,Nonrulemaking,0b000064840f2593
FDA-2020-P-2244,Nonrulemaking,0b0000648497fcf3
FDA-2009-N-0556,Nonrulemaking,0b00006480a57fb0
FDA-2015-P-1595,Nonrulemaking,0b00006481ad2afa
FDA-2016-P-0159,Nonrulemaking,0b00006481e0e698
FDA-2014-P-1102,Nonrulemaking,0b000064817ecd8b
FDA-2014-P-1101,Nonrulemaking,0b000064817eb96e
FDA-2015-P-2736,Nonrulemaking,0b00006481baf1f7
FDA-2018-P-1019,Nonrulemaking,0b00006482fa91c9
FDA-2016-P-3427,Nonrulemaking,0b0000648231646a
FDA-2019-P-5268,Nonrulemaking,0b000064841290ce
FDA-2020-P-1919,Nonrulemaking,0b000064848611b8
FDA-2021-P-0193,Nonrulemaking,0b00006484a3a9ad
FDA-2021-P-0271,Nonrulemaking,0b00006484a60996
FDA-2021-P-0096,Nonrulemaking,0b000064849fcdc5
FDA-2016-P-3313,Nonrulemaking,0b000064822f01c3
FDA-2018-P-1492,Nonrulemaking,0b00006483131a13
FDA-2017-P-5592,Nonrulemaking,0b00006482b25923
FDA-2015-P-3299,Nonrulemaking,0b00006481c62dd6
FDA-2015-P-1722,Nonrulemaking,0b00006481ae13e5
FDA-2020-P-2245,Nonrulemaking,0b0000648497fffa
FDA-2021-P-0477,Nonrulemaking,0b00006484b1d05b
FDA-2006-N-0309,Nonrulemaking,0b0000648045c6bf
FDA-2010-N-0019,Nonrulemaking,0b00006480a79441
FDA-2017-P-2661,Nonrulemaking,0b0000648257f86c
FDA-2021-P-0375,Nonrulemaking,0b00006484aa393a
FDA-2020-P-1725,Nonrulemaking,0b000064847cc299
FDA-2016-P-4186,Nonrulemaking,0b000064823da78a
FDA-2019-P-0372,Nonrulemaking,0b00006483a06403
FDA-2011-P-0022,Nonrulemaking,0b00006480bc6a2d
FDA-2014-P-1896,Nonrulemaking,0b00006481926154
FDA-2015-P-0516,Nonrulemaking,0b00006481a084f8
FDA-2019-P-0916,Nonrulemaking,0b00006483aa51f6
FDA-2017-P-4174,Nonrulemaking,0b0000648291220d
FDA-2020-P-2304,Nonrulemaking,0b000064849a407a
FDA-2021-P-0530,Nonrulemaking,0b00006484b4f913
FDA-2021-P-0280,Nonrulemaking,0b00006484a66941
FDA-2016-P-2559,Nonrulemaking,0b000064821a4ed6
FDA-2016-P-0621,Nonrulemaking,0b00006481e76ffe
FDA-2016-P-1725,Nonrulemaking,0b0000648205441e
FDA-2016-P-3052,Nonrulemaking,0b00006482280dd5
FDA-2016-P-1667,Nonrulemaking,0b00006482046f3f
FDA-2017-P-1359,Nonrulemaking,0b000064824ef81f
FDA-2011-P-0767,Nonrulemaking,0b00006480f57231
FDA-2016-P-1247,Nonrulemaking,0b00006481faf244
FDA-2019-P-0941,Nonrulemaking,0b00006483aaa082
FDA-2020-P-0042,Nonrulemaking,0b000064842686ec
FDA-2019-P-5403,Nonrulemaking,0b00006484160d72
FDA-2021-P-0226,Nonrulemaking,0b00006484a49e2f
FDA-2019-P-3022,Nonrulemaking,0b00006483d39cc5
FDA-2010-P-0531,Rulemaking,0b00006480b67436
FDA-2016-P-3674,Nonrulemaking,0b0000648236a652
FDA-2015-P-0547,Nonrulemaking,0b00006481a0bfc2
FDA-2017-P-0840,Nonrulemaking,0b000064824b6037
FDA-2015-P-3319,Nonrulemaking,0b00006481c6626d
FDA-2015-P-2962,Nonrulemaking,0b00006481c039bd
FDA-2019-P-2142,Nonrulemaking,0b00006483c2c475
FDA-2020-P-0438,Nonrulemaking,0b000064842f7a8e
FDA-2010-P-0546,Nonrulemaking,0b00006480b71a16
FDA-2021-P-1042,Nonrulemaking,0b00006484da830e
FDA-2018-P-1310,Nonrulemaking,0b00006483062437
FDA-2013-P-1374,Nonrulemaking,0b00006481466d18
FDA-2017-P-7031,Nonrulemaking,0b00006482d83879
FDA-2017-P-5435,Nonrulemaking,0b00006482b0e6aa
FDA-2020-P-1844,Nonrulemaking,0b0000648483bd71
FDA-2020-P-1246,Nonrulemaking,0b00006484485770
FDA-2019-P-4669,Nonrulemaking,0b000064840496a0
FDA-2019-P-4643,Nonrulemaking,0b0000648401f8bc
FDA-2020-P-0893,Nonrulemaking,0b0000648439516b
FDA-2018-P-2175,Nonrulemaking,0b000064833478c0
FDA-2016-P-2654,Nonrulemaking,0b000064821dead4
FDA-2018-P-1349,Nonrulemaking,0b000064830850ab
FDA-2013-P-0058,Nonrulemaking,0b000064811b3eac
FDA-2014-P-1483,Nonrulemaking,0b000064818a0240
FDA-2017-P-1039,Nonrulemaking,0b000064824c8b09
FDA-2018-P-2040,Nonrulemaking,0b00006483303629
FDA-2020-P-1405,Nonrulemaking,0b0000648464fa76
FDA-2014-P-0159,Nonrulemaking,0b000064815362c1
FDA-2016-P-0383,Nonrulemaking,0b00006481e40aa4
FDA-2018-P-1008,Nonrulemaking,0b00006482f9a76b
FDA-2015-P-5022,Nonrulemaking,0b00006481dd1d1f
FDA-2018-P-2720,Nonrulemaking,0b000064834e7a67
FDA-2016-P-3428,Nonrulemaking,0b000064823167da
FDA-2019-P-1525,Nonrulemaking,0b00006483b4b7a0
FDA-2020-P-2102,Nonrulemaking,0b0000648491b586
FDA-2019-P-4481,Nonrulemaking,0b00006483fc4f17
FDA-2020-N-2354,Nonrulemaking,0b000064849cbd77
FDA-2021-P-0340,Nonrulemaking,0b00006484a87c28
FDA-2015-P-0732,Nonrulemaking,0b00006481a3447d
FDA-2021-P-0923,Nonrulemaking,0b00006484c8c142
FDA-2021-P-0959,Nonrulemaking,0b00006484ccad57
FDA-2008-P-0365,Nonrulemaking,0b0000648063c123
FDA-2021-P-1173,Nonrulemaking,0b00006484dfa729
FDA-2016-P-3463,Nonrulemaking,0b000064823240d5
FDA-2016-P-3418,Nonrulemaking,0b0000648231586f
FDA-2018-P-1846,Nonrulemaking,0b000064832569c3
FDA-2015-P-0335,Nonrulemaking,0b000064819eccc7
FDA-2015-P-3364,Nonrulemaking,0b00006481c6dc52
FDA-2018-P-0670,Nonrulemaking,0b00006482f1a36e
FDA-2017-P-3989,Nonrulemaking,0b000064827bab37
FDA-2017-P-2496,Nonrulemaking,0b00006482563e3b
FDA-2019-P-3232,Nonrulemaking,0b00006483d5d760
FDA-2021-P-0339,Nonrulemaking,0b00006484a87a68
FDA-2016-P-1073,Nonrulemaking,0b00006481edacff
FDA-2018-P-1361,Nonrulemaking,0b00006483087945
FDA-2017-P-6291,Nonrulemaking,0b00006482c13eaa
FDA-2019-P-2998,Nonrulemaking,0b00006483d302ef
FDA-2020-P-0152,Nonrulemaking,0b00006484285267
FDA-2009-P-0105,Nonrulemaking,0b000064808b71c4
FDA-2019-P-3024,Nonrulemaking,0b00006483d3a5d1
FDA-2016-P-2676,Nonrulemaking,0b000064821ea961
FDA-2016-P-1962,Nonrulemaking,0b0000648209432d
FDA-2018-P-1720,Nonrulemaking,0b0000648322119b
FDA-2017-P-1459,Nonrulemaking,0b000064824fbdfc
FDA-2015-P-3621,Nonrulemaking,0b00006481cb805c
FDA-2018-P-1469,Nonrulemaking,0b0000648310d983
FDA-2020-P-0511,Nonrulemaking,0b0000648430e9cb
FDA-2020-P-2077,Nonrulemaking,0b000064848fceb6
FDA-2020-P-1605,Nonrulemaking,0b00006484701563
FDA-2021-P-0784,Nonrulemaking,0b00006484c0a9e0
FDA-2004-P-0146,Nonrulemaking,0b0000648046fe7b
FDA-2017-P-6116,Nonrulemaking,0b00006482bc1281
FDA-2019-P-1534,Nonrulemaking,0b00006483b516ab
FDA-2017-P-4745,Nonrulemaking,0b000064829c8c15
FDA-2018-P-0998,Nonrulemaking,0b00006482f9786f
FDA-2015-P-1003,Nonrulemaking,0b00006481a71ea5
FDA-2014-P-0935,Nonrulemaking,0b0000648178a408
FDA-2018-P-3284,Nonrulemaking,0b0000648365d88b
FDA-2020-P-1914,Nonrulemaking,0b00006484861238
FDA-2020-P-1678,Nonrulemaking,0b0000648477fc5a
FDA-2021-P-1175,Nonrulemaking,0b00006484dfa2c5
FDA-2021-P-0984,Nonrulemaking,0b00006484d604c3
FDA-2016-P-1874,Nonrulemaking,0b0000648207e22c
FDA-2018-P-1734,Nonrulemaking,0b00006483226f52
FDA-2017-P-5090,Nonrulemaking,0b00006482a8d997
FDA-2019-P-0692,Nonrulemaking,0b00006483a6758d
FDA-2018-P-3211,Nonrulemaking,0b00006483632d8c
FDA-2006-N-0366,Nonrulemaking,0b0000648045fc9d
FDA-2021-P-1115,Nonrulemaking,0b00006484dc5a78
FDA-2021-P-1127,Nonrulemaking,0b00006484dcb5ea
FDA-2016-P-2713,Nonrulemaking,0b00006482205098
FDA-2018-P-3666,Nonrulemaking,0b0000648377c597
FDA-2015-P-1898,Nonrulemaking,0b00006481b08b15
FDA-2017-P-5978,Nonrulemaking,0b00006482b8aff6
FDA-2018-P-4664,Nonrulemaking,0b00006483973087
FDA-2018-N-2970,Nonrulemaking,0b00006483589620
FDA-2020-P-1689,Nonrulemaking,0b00006484788b0e
FDA-2020-P-1991,Nonrulemaking,0b0000648486bb78
FDA-2020-P-1768,Nonrulemaking,0b0000648480a99d
FDA-2020-P-2003,Nonrulemaking,0b00006484872fc9
FDA-2021-P-0895,Nonrulemaking,0b00006484c4a4ef
FDA-2014-P-0919,Nonrulemaking,0b000064817783ce
FDA-2021-P-0433,Nonrulemaking,0b00006484ace2d3
FDA-2016-P-2738,Nonrulemaking,0b0000648220d52b
FDA-2014-P-0628,Nonrulemaking,0b000064816f8d24
FDA-2017-P-0757,Nonrulemaking,0b000064824adf06
FDA-2021-P-0985,Nonrulemaking,0b00006484d6202a
FDA-2019-P-2559,Nonrulemaking,0b00006483ccbaae
FDA-2019-P-1607,Nonrulemaking,0b00006483b62aed
FDA-2021-P-0086,Nonrulemaking,0b000064849f8827
FDA-2020-P-1718,Nonrulemaking,0b000064847b3d23
FDA-2018-P-1780,Nonrulemaking,0b000064832405b5
FDA-2019-P-1130,Nonrulemaking,0b00006483aceb66
FDA-2015-P-3053,Nonrulemaking,0b00006481c2e35f
FDA-2015-P-3400,Nonrulemaking,0b00006481c8c693
FDA-2015-P-3485,Nonrulemaking,0b00006481ca9161
FDA-2020-P-0598,Nonrulemaking,0b00006484326369
FDA-2020-P-2317,Nonrulemaking,0b000064849b006b
FDA-2021-P-0559,Nonrulemaking,0b00006484b7f83e
FDA-2005-A-0476,Nonrulemaking,0b00006480450f01
FDA-2021-P-0437,Nonrulemaking,0b00006484ad4e6f
FDA-2021-P-0267,Nonrulemaking,0b00006484a5d641
FDA-2017-P-3064,Nonrulemaking,0b000064825badf8
FDA-2017-P-1221,Nonrulemaking,0b000064824de41f
FDA-2019-P-5237,Nonrulemaking,0b0000648412409a
FDA-2020-P-1575,Nonrulemaking,0b000064846f3d98
FDA-2021-P-0306,Nonrulemaking,0b00006484a71bfb
FDA-2021-P-0705,Nonrulemaking,0b00006484be58f5
FDA-2009-P-0325,Nonrulemaking,0b000064809f1b3c
FDA-2021-P-0413,Nonrulemaking,0b00006484ab80de
FDA-2021-P-1148,Nonrulemaking,0b00006484de4866
FDA-2018-P-3102,Nonrulemaking,0b000064835f0ba1
FDA-2017-P-6805,Nonrulemaking,0b00006482cf82c7
FDA-2016-P-2342,Nonrulemaking,0b000064821483c9
FDA-2017-P-6316,Nonrulemaking,0b00006482c2977f
FDA-2016-P-1288,Nonrulemaking,0b00006481fd63eb
FDA-2015-P-1103,Nonrulemaking,0b00006481a8cc5d
FDA-2016-P-2377,Nonrulemaking,0b0000648214edc2
FDA-2008-N-0571,Nonrulemaking,0b0000648077851a
FDA-2020-P-1510,Nonrulemaking,0b000064846d39fe
FDA-2017-P-6274,Nonrulemaking,0b00006482c0b61b
FDA-2016-P-2469,Nonrulemaking,0b00006482161773
FDA-2015-P-2344,Nonrulemaking,0b00006481b67e63
FDA-2018-P-3691,Nonrulemaking,0b000064837808d9
FDA-2017-P-1297,Nonrulemaking,0b000064824e69da
FDA-2020-P-1427,Nonrulemaking,0b000064846b3880
FDA-2021-P-0940,Nonrulemaking,0b00006484ca6fc9
FDA-2005-P-0321,Nonrulemaking,0b00006480447ef3
FDA-2021-P-0680,Nonrulemaking,0b00006484bdae1f
FDA-2017-P-3352,Nonrulemaking,0b00006482639b55
FDA-2015-P-4664,Nonrulemaking,0b00006481d8def6
FDA-2004-P-0100,Nonrulemaking,0b0000648046f52e
FDA-2016-P-3510,Nonrulemaking,0b00006482345c75
FDA-2018-P-1484,Nonrulemaking,0b0000648312cd1f
FDA-2018-P-1173,Nonrulemaking,0b0000648301d05f
FDA-2019-P-2537,Nonrulemaking,0b00006483cc34ea
FDA-2017-P-4039,Nonrulemaking,0b000064827de8f4
FDA-2020-P-1766,Nonrulemaking,0b0000648480363a
FDA-2016-P-1825,Nonrulemaking,0b00006482071027
FDA-2021-P-0576,Nonrulemaking,0b00006484b9fbf4
FDA-2021-P-1154,Nonrulemaking,0b00006484df2be1
FDA-2017-P-1225,Nonrulemaking,0b000064824de951
FDA-2018-P-1869,Nonrulemaking,0b00006483262b6b
FDA-2019-P-5121,Nonrulemaking,0b00006484116217
FDA-2021-P-1227,Nonrulemaking,0b00006484e57f01
FDA-2016-P-4584,Nonrulemaking,0b0000648243b5d6
FDA-2017-P-2460,Nonrulemaking,0b0000648255fcb0
FDA-2014-P-1354,Nonrulemaking,0b00006481869d2e
FDA-2014-P-1656,Nonrulemaking,0b000064818de171
FDA-2017-P-1096,Nonrulemaking,0b000064824d0461
FDA-2017-P-6851,Nonrulemaking,0b00006482d02df3
FDA-2017-P-1278,Nonrulemaking,0b000064824e4767
FDA-2018-P-4490,Nonrulemaking,0b000064838faa23
FDA-2019-P-5008,Nonrulemaking,0b00006484100fd8
FDA-2018-P-0345,Nonrulemaking,0b00006482e544b1
FDA-2016-P-1826,Nonrulemaking,0b000064820716dd
FDA-2020-P-2017,Nonrulemaking,0b00006484891c9e
FDA-2019-P-3545,Nonrulemaking,0b00006483db778a
FDA-2021-P-0550,Nonrulemaking,0b00006484b65064
FDA-2021-P-0910,Nonrulemaking,0b00006484c64081
FDA-2020-P-0698,Nonrulemaking,0b00006484345182
FDA-2013-P-1377,Nonrulemaking,0b00006481466e03
FDA-2019-P-1366,Nonrulemaking,0b00006483b17d54
FDA-2020-P-1775,Nonrulemaking,0b00006484811179
FDA-2020-P-0963,Nonrulemaking,0b000064843bab7c
FDA-2008-D-0224,Nonrulemaking,0b0000648046eab6
FDA-2008-P-0052,Nonrulemaking,0b000064803a139a
FDA-2020-P-0813,Nonrulemaking,0b00006484366667
FDA-2016-P-1873,Nonrulemaking,0b0000648207e228
FDA-2017-P-0290,Nonrulemaking,0b0000648247e9e2
FDA-2015-P-1924,Nonrulemaking,0b00006481b0ceca
FDA-2014-P-1685,Nonrulemaking,0b000064818e9f63
FDA-2021-P-1123,Nonrulemaking,0b00006484dc9a69
FDA-2021-P-0523,Nonrulemaking,0b00006484b48944
FDA-2017-P-1460,Nonrulemaking,0b000064824fbf9a
FDA-2018-P-3933,Nonrulemaking,0b000064837fe6ca
FDA-2015-P-3107,Nonrulemaking,0b00006481c38012
FDA-2014-P-0367,Nonrulemaking,0b0000648168bb13
FDA-2019-P-2088,Nonrulemaking,0b00006483c1f4a6
FDA-2020-P-1549,Nonrulemaking,0b000064846e1bd7
FDA-2021-P-0299,Nonrulemaking,0b00006484a6d23a
FDA-2021-P-1111,Nonrulemaking,0b00006484dc55ab
FDA-2019-P-5535,Nonrulemaking,0b000064841936b4
FDA-2017-P-3468,Nonrulemaking,0b000064826803eb
FDA-2018-P-3412,Nonrulemaking,0b000064836c9d1d
FDA-2017-P-4334,Nonrulemaking,0b0000648293f060
FDA-2017-P-4023,Nonrulemaking,0b000064827c1745
FDA-2018-P-1068,Nonrulemaking,0b00006482fd388a
FDA-2017-P-3065,Nonrulemaking,0b000064825b9e8f
FDA-2019-P-4879,Nonrulemaking,0b000064840c250d
FDA-2020-P-1393,Nonrulemaking,0b0000648460f2a8
FDA-2020-P-1653,Nonrulemaking,0b00006484745d79
FDA-2016-P-4094,Nonrulemaking,0b000064823c2f65
FDA-2021-P-0168,Nonrulemaking,0b00006484a208ec
FDA-2016-P-0644,Nonrulemaking,0b00006481e7ee78
FDA-2018-P-1335,Nonrulemaking,0b00006483075141
FDA-2017-P-6809,Nonrulemaking,0b00006482cf8832
FDA-2018-P-4338,Nonrulemaking,0b000064838d3478
FDA-2017-P-5081,Nonrulemaking,0b00006482a8ca86
FDA-2019-P-2122,Nonrulemaking,0b00006483c29282
FDA-2021-P-0032,Nonrulemaking,0b000064849e6dbb
FDA-2009-P-0253,Nonrulemaking,0b000064809beaa5
FDA-2015-P-3108,Nonrulemaking,0b00006481c380cc
FDA-2021-P-1097,Nonrulemaking,0b00006484dc2763
FDA-2016-P-2030,Nonrulemaking,0b000064820a63e2
FDA-2016-P-3509,Nonrulemaking,0b0000648234469f
FDA-2015-D-0268,Rulemaking,0b000064819e3454
FDA-2010-P-0549,Nonrulemaking,0b00006480b72670
FDA-2015-P-5108,Nonrulemaking,0b00006481ddf33f
FDA-2017-P-2245,Nonrulemaking,0b00006482549e19
FDA-2018-P-2851,Nonrulemaking,0b000064835475c4
FDA-2019-P-5571,Nonrulemaking,0b000064841ad555
FDA-2017-P-2563,Nonrulemaking,0b00006482573088
FDA-2016-P-3578,Nonrulemaking,0b000064823577ce
FDA-2019-P-5048,Nonrulemaking,0b00006484109d71
FDA-2017-P-6923,Nonrulemaking,0b00006482d3ceea
FDA-2018-P-1110,Nonrulemaking,0b00006483006c1d
FDA-2020-P-1356,Nonrulemaking,0b00006484587cc9
FDA-2016-P-3015,Nonrulemaking,0b0000648227d7ce
FDA-2016-P-3598,Nonrulemaking,0b0000648235b227
FDA-2016-P-3912,Nonrulemaking,0b00006482399a1a
FDA-2016-P-1303,Nonrulemaking,0b00006481fdbe29
FDA-2017-P-1461,Nonrulemaking,0b000064824fc5a4
FDA-2014-P-1302,Nonrulemaking,0b0000648185a843
FDA-2019-P-5463,Nonrulemaking,0b0000648417d9cf
FDA-2021-P-1184,Nonrulemaking,0b00006484e044ba
FDA-2018-P-1014,Nonrulemaking,0b00006482fa4abf
FDA-2015-P-4935,Nonrulemaking,0b00006481dbc863
FDA-2019-P-4683,Nonrulemaking,0b00006484050d62
FDA-2020-P-1312,Nonrulemaking,0b0000648450c0bf
FDA-2020-P-1239,Nonrulemaking,0b0000648447bd6c
FDA-2016-P-4233,Nonrulemaking,0b000064823e5588
FDA-2020-P-1416,Nonrulemaking,0b0000648465e3a7
FDA-2021-P-0938,Nonrulemaking,0b00006484ca14d1
FDA-2017-P-5947,Nonrulemaking,0b00006482b81cb3
FDA-2014-P-0794,Nonrulemaking,0b000064817420fa
FDA-2018-P-3597,Nonrulemaking,0b000064837583ae
FDA-2020-P-0599,Nonrulemaking,0b0000648432891c
FDA-2019-P-1893,Nonrulemaking,0b00006483bc50b0
FDA-2014-P-1065,Nonrulemaking,0b000064817da408
FDA-2015-P-1977,Nonrulemaking,0b00006481b15ca1
FDA-2020-P-1251,Nonrulemaking,0b0000648448a9ea
FDA-2014-P-1570,Nonrulemaking,0b000064818b7134
FDA-2008-P-0441,Nonrulemaking,0b000064806b1c2a
FDA-2021-P-0434,Nonrulemaking,0b00006484ace2d7
FDA-2021-P-0967,Nonrulemaking,0b00006484d42374
FDA-2018-P-4812,Nonrulemaking,0b000064839b6ec4
FDA-2019-P-0417,Nonrulemaking,0b00006483a18100
FDA-2019-P-3934,Nonrulemaking,0b00006483e78d39
FDA-2018-P-0664,Nonrulemaking,0b00006482f1745f
FDA-2019-P-2582,Nonrulemaking,0b00006483cd0840
FDA-2019-P-2687,Nonrulemaking,0b00006483ce6b2f
FDA-2018-P-2838,Nonrulemaking,0b0000648353b367
FDA-2018-P-2659,Nonrulemaking,0b000064834cb99d
FDA-2016-P-1991,Nonrulemaking,0b0000648209e94a
FDA-2020-P-1243,Nonrulemaking,0b00006484481a95
FDA-2020-P-1237,Nonrulemaking,0b0000648447b447
FDA-2020-P-1633,Nonrulemaking,0b00006484727ef3
FDA-2019-P-4006,Nonrulemaking,0b00006483ebf148
FDA-2020-P-1252,Nonrulemaking,0b0000648448bbd3
FDA-2017-P-6689,Nonrulemaking,0b00006482cc4747
FDA-2011-N-0109,Nonrulemaking,0b00006480bf7562
FDA-2013-P-0247,Nonrulemaking,0b000064812128d7
FDA-2015-P-3404,Nonrulemaking,0b00006481c8ec54
FDA-2015-P-0720,Nonrulemaking,0b00006481a2fc3f
FDA-2018-P-2104,Nonrulemaking,0b0000648331ed44
FDA-2020-P-1421,Nonrulemaking,0b000064846acd9f
FDA-2019-P-0837,Nonrulemaking,0b00006483a92e78
FDA-2020-P-1611,Nonrulemaking,0b00006484704443
FDA-2016-P-0645,Nonrulemaking,0b00006481e7f195
FDA-2020-P-2212,Nonrulemaking,0b0000648496710b
FDA-2021-P-0930,Nonrulemaking,0b00006484c9d53b
FDA-2017-P-2231,Nonrulemaking,0b00006482547f6b
FDA-2015-P-1187,Nonrulemaking,0b00006481a9df43
FDA-2020-P-0436,Nonrulemaking,0b000064842f73dc
FDA-2019-P-4523,Nonrulemaking,0b00006483fdc45c
FDA-2020-P-1220,Nonrulemaking,0b00006484470a8f
FDA-2021-P-0163,Nonrulemaking,0b00006484a1e5f0
FDA-2021-P-0162,Nonrulemaking,0b00006484a1e371
FDA-2021-P-0885,Nonrulemaking,0b00006484c3d990
FDA-2003-P-0335,Nonrulemaking,0b00006480496004
FDA-2017-P-5954,Nonrulemaking,0b00006482b82d92
FDA-2017-P-1392,Nonrulemaking,0b000064824f7601
FDA-2018-P-0964,Nonrulemaking,0b00006482f87fc0
FDA-2018-P-2755,Nonrulemaking,0b00006483518f2f
FDA-2015-P-1721,Nonrulemaking,0b00006481ae13dd
FDA-2016-P-2955,Nonrulemaking,0b00006482271045
FDA-2016-P-3089,Nonrulemaking,0b000064822875ad
FDA-2020-P-2133,Nonrulemaking,0b00006484936b14
FDA-2021-P-0376,Nonrulemaking,0b00006484aa3943
FDA-2016-P-1163,Nonrulemaking,0b00006481f70ff9
FDA-2019-P-2038,Nonrulemaking,0b00006483bfd98c
FDA-2016-P-2860,Nonrulemaking,0b00006482240c38
FDA-2016-P-3356,Nonrulemaking,0b000064822f7337
FDA-2017-P-6758,Nonrulemaking,0b00006482ceaa2a
FDA-2018-P-1099,Nonrulemaking,0b00006483003278
FDA-2018-P-1453,Nonrulemaking,0b000064830f84b3
FDA-2017-P-3092,Nonrulemaking,0b000064825c75a5
FDA-2019-P-4002,Nonrulemaking,0b00006483ebd9f0
FDA-2016-P-2029,Nonrulemaking,0b000064820a63de
FDA-2017-P-2674,Nonrulemaking,0b00006482580733
FDA-2021-P-0035,Nonrulemaking,0b000064849e987d
FDA-2021-P-1193,Nonrulemaking,0b00006484e1a2ca
FDA-2012-P-1265,Nonrulemaking,0b0000648119e6f7
FDA-2018-P-0967,Nonrulemaking,0b00006482f87fc4
FDA-2016-P-2515,Nonrulemaking,0b0000648219082c
FDA-2015-P-4224,Nonrulemaking,0b00006481d3964e
FDA-2019-P-4979,Nonrulemaking,0b000064840fa719
FDA-2020-P-2134,Nonrulemaking,0b0000648493765a
FDA-2020-P-2289,Nonrulemaking,0b00006484998375
FDA-2017-P-2092,Nonrulemaking,0b00006482539ee2
FDA-2017-P-0662,Nonrulemaking,0b000064824a4bf6
FDA-2020-P-1260,Nonrulemaking,0b0000648448ce1d
FDA-2020-P-2175,Nonrulemaking,0b0000648494dc96
FDA-2020-P-1016,Nonrulemaking,0b000064843d9c63
FDA-2018-P-3176,Nonrulemaking,0b00006483625b4d
FDA-2017-P-2528,Nonrulemaking,0b00006482567618
FDA-2019-P-2123,Nonrulemaking,0b00006483c29b9a
FDA-2015-P-0403,Nonrulemaking,0b000064819f7aff
FDA-2018-P-4454,Nonrulemaking,0b000064838eddee
FDA-2020-P-2174,Nonrulemaking,0b0000648494d9c5
FDA-2017-P-4586,Nonrulemaking,0b000064829913ee
FDA-2016-P-0040,Nonrulemaking,0b00006481de9825
FDA-2020-P-1849,Nonrulemaking,0b00006484841d94
FDA-2020-P-2028,Nonrulemaking,0b0000648489c39b
FDA-2021-P-1109,Nonrulemaking,0b00006484dc43b0
FDA-2015-N-3469,Rulemaking,0b00006481ca7da5
FDA-2016-P-3560,Nonrulemaking,0b00006482353117
FDA-2016-P-2376,Nonrulemaking,0b0000648214edba
FDA-2014-P-1576,Nonrulemaking,0b000064818b867b
FDA-2019-P-2240,Nonrulemaking,0b00006483c455e7
FDA-2018-D-3130,Nonrulemaking,0b00006483600f27
FDA-2014-P-1657,Nonrulemaking,0b000064818e01bf
FDA-2014-D-0331,Nonrulemaking,0b000064816752a8
FDA-2012-P-0984,Nonrulemaking,0b00006481119520
FDA-2012-P-1259,Nonrulemaking,0b0000648119d602
FDA-2019-P-4644,Nonrulemaking,0b0000648401f8c0
FDA-2019-P-2289,Nonrulemaking,0b00006483c58e1a
FDA-2016-P-0031,Nonrulemaking,0b00006481de8c41
FDA-2015-P-3942,Nonrulemaking,0b00006481cef329
FDA-2019-D-3769,Nonrulemaking,0b00006483e23c3f
FDA-2013-P-0163,Nonrulemaking,0b000064811f5578
FDA-2017-D-5570,Nonrulemaking,0b00006482b1a48d
FDA-2021-P-0277,Nonrulemaking,0b00006484a64733
FDA-2016-D-1233,Nonrulemaking,0b00006481fa6daa
FDA-2020-P-0368,Nonrulemaking,0b000064842ddfd7
FDA-2017-N-2166,Nonrulemaking,0b00006482543140
FDA-2020-P-0513,Nonrulemaking,0b0000648430e7ab
FDA-2019-P-6100,Nonrulemaking,0b0000648425e24a
FDA-2005-P-0253,Nonrulemaking,0b00006480444293
FDA-2012-P-0589,Nonrulemaking,0b0000648103c1cb
FDA-2011-P-0580,Nonrulemaking,0b00006480ed6a5a
FDA-2016-P-2091,Nonrulemaking,0b000064820b558f
FDA-2015-P-3980,Nonrulemaking,0b00006481cf9315
FDA-2020-P-1797,Nonrulemaking,0b0000648481e306
FDA-2015-P-3540,Nonrulemaking,0b00006481cb1264
FDA-2011-P-0473,Nonrulemaking,0b00006480e509ce
